Especies,Parametro,Estimador,SE,Distancia,p,AICc
Cathartes_aura,(Intercept),-15.61452573045621,NA,30,NA,15.10533743036848
Cathartes_aura,Sup_impermeables,0.17380088234740038,NA,30,NA,15.10533743036848
Cinclodes_nigrofumosus,(Intercept),-1.460150044350375,NA,30,NA,54.98137119734257
Cinclodes_oustaleti,(Intercept),-1.8173895913868856,NA,30,NA,51.61060359139395
Cinclodes_oustaleti,Pastizales,-11.77832733078939,NA,30,NA,51.61060359139395
Cinclodes_oustaleti,Rocas,3.084936795726829,NA,30,NA,51.61060359139395
Cinclodes_patagonicus,(Intercept),-46.278687985330016,NA,30,NA,46.70434459810811
Cinclodes_patagonicus,Pastizales,-0.727091487704703,NA,30,NA,46.70434459810811
Cinclodes_patagonicus,Sup_impermeables,1.6120156883134427,NA,30,NA,46.70434459810811
Cinclodes_patagonicus,Suelo_arenoso,-4.978995916455523,NA,30,NA,46.70434459810811
Columba_livia,(Intercept),5.8168165859398835,NA,30,NA,116.69023005531766
Columba_livia,Matorrales,-0.07642719094824127,NA,30,NA,116.69023005531766
Columba_livia,Sup_impermeables,-0.0448044718823032,NA,30,NA,116.69023005531766
Columba_livia,Oceano,-0.06890074214463011,NA,30,NA,116.69023005531766
Coragyps_atratus,(Intercept),-45.28764589054607,NA,30,NA,45.09477317428076
Coragyps_atratus,Matorrales,0.5935323524022187,NA,30,NA,45.09477317428076
Coragyps_atratus,Sup_impermeables,0.4506981263878115,NA,30,NA,45.09477317428076
Coragyps_atratus,Grava,0.9187578854994032,NA,30,NA,45.09477317428076
Curaeus_curaeus,(Intercept),-12.195290701944002,NA,30,NA,17.74213014497407
Curaeus_curaeus,Pastizales,3.0013439416566894,NA,30,NA,17.74213014497407
Diuca_diuca,(Intercept),-22.812863436948764,NA,30,NA,9.368335854970626
Diuca_diuca,Pastizales,1.0970038147919907,NA,30,NA,9.368335854970626
Egretta_thula,(Intercept),-36.63821681634376,NA,30,NA,20.469734408542084
Egretta_thula,Sup_impermeables,0.34931449373710904,NA,30,NA,20.469734408542084
Egretta_thula,Rocas,0.6705748269972239,NA,30,NA,20.469734408542084
Fulica_armillata,(Intercept),-32.00301415550667,NA,30,NA,9.522753275718806
Fulica_armillata,Suelo_arenoso,0.3200290250834794,NA,30,NA,9.522753275718806
Geranoaetus_polyosoma,(Intercept),-1.3911128786874154,NA,30,NA,11.793565135278016
Haematopus_ater,(Intercept),-22.466993785115925,NA,30,NA,32.345782835760254
Haematopus_ater,Suelo_arenoso,0.44793141119556357,NA,30,NA,32.345782835760254
Haematopus_ater,Rocas,2.5181402348654456,NA,30,NA,32.345782835760254
Haematopus_palliatus,(Intercept),-40.85718212181399,NA,30,NA,52.799692317169544
Haematopus_palliatus,Sup_impermeables,0.6984281278263234,NA,30,NA,52.799692317169544
Haematopus_palliatus,Suelo_arenoso,0.7004194823353996,NA,30,NA,52.799692317169544
Himantopus_mexicanus,(Intercept),-25.752377761524922,NA,30,NA,14.098296837542396
Himantopus_mexicanus,Suelo_arenoso,0.5215058445477635,NA,30,NA,14.098296837542396
Larosterna_inca,(Intercept),-1.1932081840795303,NA,30,NA,66.65641036000196
Larus_dominicanus,(Intercept),2289.330905425609,NA,30,NA,6.75
Lessonia_rufa,(Intercept),-14.315470907637007,NA,30,NA,20.877086732122592
Lessonia_rufa,Suelo_arenoso,0.28603902444061796,NA,30,NA,20.877086732122592
Leucophaeus_modestus,(Intercept),-61.500430360653375,NA,30,NA,106.84411542115157
Leucophaeus_modestus,Matorrales,0.8119062861387167,NA,30,NA,106.84411542115157
Leucophaeus_modestus,Sup_impermeables,0.6005391763430655,NA,30,NA,106.84411542115157
Leucophaeus_modestus,Oceano,0.6136364711580802,NA,30,NA,106.84411542115157
Leucophaeus_modestus,Suelo_arenoso,0.6316621802203081,NA,30,NA,106.84411542115157
Leucophaeus_modestus,Rocas,19.79408713022171,NA,30,NA,106.84411542115157
Leucophaeus_modestus,Grava,0.6519955521725656,NA,30,NA,106.84411542115157
Leucophaeus_pipixcan,(Intercept),-2.423778293642568,NA,30,NA,25.986606618576346
Milvago_chimango,(Intercept),46.699172033454275,NA,30,NA,94.22506474250702
Milvago_chimango,Matorrales,-0.6040375785618195,NA,30,NA,94.22506474250702
Milvago_chimango,Sup_impermeables,-0.4577337106098255,NA,30,NA,94.22506474250702
Milvago_chimango,Grava,-1.7840168570376225,NA,30,NA,94.22506474250702
Mimus_thenca,(Intercept),34.269205258229924,NA,30,NA,40.05198363037668
Mimus_thenca,Sup_impermeables,-1.0730232643855506,NA,30,NA,40.05198363037668
Mimus_thenca,Oceano,-3.0515414766428957,NA,30,NA,40.05198363037668
Molothrus_bonariensis,(Intercept),-19.569384316401077,NA,30,NA,12.047473442856104
Molothrus_bonariensis,Pastizales,1.3504064953185977,NA,30,NA,12.047473442856104
Muscisaxicola_maclovianus,(Intercept),-3.2614859476493323,NA,30,NA,15.342660631500884
Myiopsitta_monachus,(Intercept),-17.05482138544865,NA,30,NA,9.290457382764451
Myiopsitta_monachus,Grava,1.492406770506946,NA,30,NA,9.290457382764451
Nycticorax_nycticorax,(Intercept),-24.304537351627726,NA,30,NA,9.290322582187772
Nycticorax_nycticorax,Suelo_arenoso,-233.5721264838628,NA,30,NA,9.290322582187772
Nycticorax_nycticorax,Rocas,15.296183451509298,NA,30,NA,9.290322582187772
Passer_domesticus,(Intercept),-3.6653741646629077,NA,30,NA,38.893225973753694
Passer_domesticus,Sup_impermeables,0.02846169236788485,NA,30,NA,38.893225973753694
Pelecanus_thagus,(Intercept),0.021245356070798405,NA,30,NA,116.95026032256274
Pelecanus_thagus,Pastizales,-0.0665116043269183,NA,30,NA,116.95026032256274
Pelecanus_thagus,Oceano,0.05703271520259768,NA,30,NA,116.95026032256274
Phalacrocorax_bougainvillii,(Intercept),-17.79077132601636,NA,30,NA,14.772809337218693
Phalacrocorax_bougainvillii,Rocas,1.725981675322783,NA,30,NA,14.772809337218693
Phalacrocorax_brasilianus,(Intercept),-0.5843803435476778,NA,30,NA,107.02598649843223
Phalacrocorax_brasilianus,Oceano,0.6518496803118458,NA,30,NA,107.02598649843223
Phalacrocorax_brasilianus,Suelo_arenoso,0.046913318429371506,NA,30,NA,107.02598649843223
Phalacrocorax_gaimardi,(Intercept),-35.20862651483674,NA,30,NA,13.038665833128633
Phalacrocorax_gaimardi,Pastizales,1.1868453864846054,NA,30,NA,13.038665833128633
Phytotoma_rara,(Intercept),-46.37054689548509,NA,30,NA,21.53738555442417
Phytotoma_rara,Pastizales,1.6050896728167388,NA,30,NA,21.53738555442417
Phytotoma_rara,Matorrales,2.7842997012804704,NA,30,NA,21.53738555442417
Podiceps_occipitalis,(Intercept),-1.7016275761165272,NA,30,NA,71.45267187473682
Podiceps_occipitalis,Suelo_arenoso,0.031675367086659814,NA,30,NA,71.45267187473682
Podiceps_occipitalis,Grava,0.0646586164613455,NA,30,NA,71.45267187473682
Pygochelidon_cyanoleuca,(Intercept),-25.752377761524922,NA,30,NA,14.098296837542396
Pygochelidon_cyanoleuca,Suelo_arenoso,0.5215058445477635,NA,30,NA,14.098296837542396
Sephanoides_sephaniodes,(Intercept),1.231866696567225,NA,30,NA,131.18910086781696
Sephanoides_sephaniodes,Suelo_arenoso,-0.03301498692517751,NA,30,NA,131.18910086781696
Spinus_barbatus,(Intercept),-36.68301776901031,NA,30,NA,13.417813781127352
Spinus_barbatus,Pastizales,1.0797732484779439,NA,30,NA,13.417813781127352
Stercorarius_chilensis,(Intercept),-22.85408145510716,NA,30,NA,12.088589332929192
Stercorarius_chilensis,Suelo_arenoso,0.22836360244997378,NA,30,NA,12.088589332929192
Sturnella_loyca,(Intercept),-5.304523960273892,NA,30,NA,22.241453052039105
Sturnella_loyca,Pastizales,0.16071423648110658,NA,30,NA,22.241453052039105
Sula_variegata,(Intercept),1.420762486292173,NA,30,NA,63.489613522055336
Sula_variegata,Pastizales,-1.7431596124847184,NA,30,NA,63.489613522055336
Sula_variegata,Sup_impermeables,-0.03243110169680006,NA,30,NA,63.489613522055336
Tachycineta_meyeni,(Intercept),-1.0730905575119232,NA,30,NA,72.31182845509984
Troglodytes_aedon,(Intercept),-0.6381520347140843,NA,30,NA,78.91142826521444
Troglodytes_aedon,Grava,-9.80995892396792,NA,30,NA,78.91142826521444
Turdus_falcklandii,(Intercept),49.38879686968306,NA,30,NA,109.79443646135816
Turdus_falcklandii,Pastizales,-0.7220766142923302,NA,30,NA,109.79443646135816
Turdus_falcklandii,Matorrales,-0.4951553764755157,NA,30,NA,109.79443646135816
Turdus_falcklandii,Sup_impermeables,-0.48812730125561327,NA,30,NA,109.79443646135816
Turdus_falcklandii,Oceano,-0.5013962391004833,NA,30,NA,109.79443646135816
Turdus_falcklandii,Suelo_arenoso,-0.5385758779642168,NA,30,NA,109.79443646135816
Turdus_falcklandii,Grava,-1.6057788015635799,NA,30,NA,109.79443646135816
Vanellus_chilensis,(Intercept),-0.16303848075770827,NA,30,NA,95.61639703955609
Vanellus_chilensis,Grava,-0.48380395818693006,NA,30,NA,95.61639703955609
Xolmis_pyrope,(Intercept),27.37310988999054,NA,30,NA,21.01068223461729
Xolmis_pyrope,Sup_impermeables,-0.6293738818678556,NA,30,NA,21.01068223461729
Xolmis_pyrope,Oceano,-1.0205516870570586,NA,30,NA,21.01068223461729
Xolmis_pyrope,Suelo_arenoso,-0.936980599830192,NA,30,NA,21.01068223461729
Zenaida_auriculata,(Intercept),1.1440488256741115,NA,30,NA,74.7189623013956
Zenaida_auriculata,Suelo_arenoso,-0.06641558579936008,NA,30,NA,74.7189623013956
Zonotrichia_capensis,(Intercept),2.8433767893083575,NA,30,NA,83.30018781468189
Cathartes_aura,(Intercept),5.533270778185035,NA,600,NA,13.958605653578562
Cathartes_aura,Bosque_Nativo,-46.32377771680344,NA,600,NA,13.958605653578562
Cathartes_aura,Suelo_arenoso,-10.164894704918577,NA,600,NA,13.958605653578562
Cinclodes_nigrofumosus,(Intercept),95.27089637918289,NA,600,NA,50.58686943875098
Cinclodes_nigrofumosus,Sup_impermeables,-5.444328569580533,NA,600,NA,50.58686943875098
Cinclodes_nigrofumosus,Suelo_arenoso,9.636053973779916,NA,600,NA,50.58686943875098
Cinclodes_oustaleti,(Intercept),-3.523562624555594,NA,600,NA,52.01203267919979
Cinclodes_oustaleti,Oceano,0.04469271982094554,NA,600,NA,52.01203267919979
Cinclodes_patagonicus,(Intercept),58.72801463703158,NA,600,NA,44.635308246559646
Cinclodes_patagonicus,Sup_impermeables,-3.0847484539967427,NA,600,NA,44.635308246559646
Cinclodes_patagonicus,Suelo_arenoso,5.835392721547162,NA,600,NA,44.635308246559646
Columba_livia,(Intercept),-9.658752433810859,NA,600,NA,106.26410518569001
Columba_livia,Bosque_Nativo,-9.68285000070794,NA,600,NA,106.26410518569001
Columba_livia,Sup_impermeables,0.4975896046263878,NA,600,NA,106.26410518569001
Columba_livia,Suelo_arenoso,5.867299333695264,NA,600,NA,106.26410518569001
Columba_livia,Grava,-9.851461237243601,NA,600,NA,106.26410518569001
Coragyps_atratus,(Intercept),-31.825811599604574,NA,600,NA,40.26674240946976
Coragyps_atratus,Pastizales,-13.745764406739356,NA,600,NA,40.26674240946976
Coragyps_atratus,Matorrales,4.928498012838844,NA,600,NA,40.26674240946976
Coragyps_atratus,Suelo_arenoso,3.6377741178456477,NA,600,NA,40.26674240946976
Coragyps_atratus,Rocas,-30.432435798564732,NA,600,NA,40.26674240946976
Curaeus_curaeus,(Intercept),-54.62344641163012,NA,600,NA,17.74646373109727
Curaeus_curaeus,Pastizales,11.689381453337845,NA,600,NA,17.74646373109727
Diuca_diuca,(Intercept),-38.720317966310425,NA,600,NA,9.303957836235904
Diuca_diuca,Humedales,81.07745228645354,NA,600,NA,9.303957836235904
Egretta_thula,(Intercept),145.28525034129729,NA,600,NA,24.356732235499067
Egretta_thula,Pastizales,-39.272327980265615,NA,600,NA,24.356732235499067
Egretta_thula,Humedales,-229.32201084497748,NA,600,NA,24.356732235499067
Egretta_thula,Suelo_arenoso,-126.14971481862325,NA,600,NA,24.356732235499067
Egretta_thula,Rocas,75.36877976509258,NA,600,NA,24.356732235499067
Egretta_thula,Grava,160.37397686771433,NA,600,NA,24.356732235499067
Fulica_armillata,(Intercept),251.8200045214793,NA,600,NA,6.823107553807179
Fulica_armillata,Sup_impermeables,-25.67984890583304,NA,600,NA,6.823107553807179
Geranoaetus_polyosoma,(Intercept),27.940239328734496,NA,600,NA,9.290673516557252
Geranoaetus_polyosoma,Grava,-44.564927450486174,NA,600,NA,9.290673516557252
Haematopus_ater,(Intercept),-59.958674490769056,NA,600,NA,39.641311682297555
Haematopus_ater,Suelo_arenoso,15.907390390169443,NA,600,NA,39.641311682297555
Haematopus_palliatus,(Intercept),24.438054501271594,NA,600,NA,53.56543041738962
Haematopus_palliatus,Matorrales,-4.179431633995299,NA,600,NA,53.56543041738962
Haematopus_palliatus,Humedales,93.7242271956129,NA,600,NA,53.56543041738962
Himantopus_mexicanus,(Intercept),-7.189494673411482,NA,600,NA,13.292679466449215
Himantopus_mexicanus,Suelo_arenoso,1.899388584072666,NA,600,NA,13.292679466449215
Himantopus_mexicanus,Rocas,-70.92404257560437,NA,600,NA,13.292679466449215
Larosterna_inca,(Intercept),146.77953979304013,NA,600,NA,59.592247028633885
Larosterna_inca,Pastizales,-14.497732349891134,NA,600,NA,59.592247028633885
Larosterna_inca,Sup_impermeables,-3.4996340327461053,NA,600,NA,59.592247028633885
Larosterna_inca,Suelo_arenoso,-32.001219898598315,NA,600,NA,59.592247028633885
Larosterna_inca,Grava,61.098109763448335,NA,600,NA,59.592247028633885
Larus_dominicanus,(Intercept),2289.330905425609,NA,600,NA,6.75
Lessonia_rufa,(Intercept),33.3367743184439,NA,600,NA,21.841715295867825
Lessonia_rufa,Bosque_Nativo,-75.98316531615392,NA,600,NA,21.841715295867825
Lessonia_rufa,Sup_impermeables,-1.399802019807299,NA,600,NA,21.841715295867825
Leucophaeus_modestus,(Intercept),360.3080434486846,NA,600,NA,94.38107292479738
Leucophaeus_modestus,Pastizales,-13.47841424836955,NA,600,NA,94.38107292479738
Leucophaeus_modestus,Sup_impermeables,-4.098033401218702,NA,600,NA,94.38107292479738
Leucophaeus_modestus,Oceano,-3.502529027357146,NA,600,NA,94.38107292479738
Leucophaeus_modestus,Grava,-13.769726892473406,NA,600,NA,94.38107292479738
Leucophaeus_pipixcan,(Intercept),-11.430490342311375,NA,600,NA,21.342753542980297
Leucophaeus_pipixcan,Sup_impermeables,-60.84611217048169,NA,600,NA,21.342753542980297
Leucophaeus_pipixcan,Oceano,27.624563119310196,NA,600,NA,21.342753542980297
Leucophaeus_pipixcan,Grava,-114.30779437295307,NA,600,NA,21.342753542980297
Milvago_chimango,(Intercept),31.357190689456125,NA,600,NA,91.56154538198524
Milvago_chimango,Bosque_Nativo,-33.514871701615,NA,600,NA,91.56154538198524
Milvago_chimango,Suelo_arenoso,10.443806300660242,NA,600,NA,91.56154538198524
Milvago_chimango,Rocas,-17.299685848366188,NA,600,NA,91.56154538198524
Milvago_chimango,Grava,-20.789298346447506,NA,600,NA,91.56154538198524
Mimus_thenca,(Intercept),-14.486770891882818,NA,600,NA,39.7767968032871
Mimus_thenca,Pastizales,6.684154172247097,NA,600,NA,39.7767968032871
Mimus_thenca,Humedales,-50.676153693487564,NA,600,NA,39.7767968032871
Mimus_thenca,Oceano,-0.9902721920504973,NA,600,NA,39.7767968032871
Mimus_thenca,Rocas,16.121682820838977,NA,600,NA,39.7767968032871
Molothrus_bonariensis,(Intercept),13.39794511723266,NA,600,NA,15.715603404646725
Molothrus_bonariensis,Suelo_arenoso,-48.2098920303916,NA,600,NA,15.715603404646725
Molothrus_bonariensis,Rocas,90.2323675377806,NA,600,NA,15.715603404646725
Muscisaxicola_maclovianus,(Intercept),-3.2614859476493323,NA,600,NA,15.342660631500884
Myiopsitta_monachus,(Intercept),-14.827248682339624,NA,600,NA,9.530700152073406
Myiopsitta_monachus,Humedales,27.400662447822157,NA,600,NA,9.530700152073406
Nycticorax_nycticorax,(Intercept),34.43563253914992,NA,600,NA,12.000126552081609
Nycticorax_nycticorax,Pastizales,-17.273519240817357,NA,600,NA,12.000126552081609
Nycticorax_nycticorax,Suelo_arenoso,-20.61629339427894,NA,600,NA,12.000126552081609
Nycticorax_nycticorax,Rocas,44.47047579768073,NA,600,NA,12.000126552081609
Passer_domesticus,(Intercept),-38.45872807417637,NA,600,NA,26.023240532637203
Passer_domesticus,Bosque_Nativo,-79.93096745712121,NA,600,NA,26.023240532637203
Passer_domesticus,Sup_impermeables,0.7123942151856919,NA,600,NA,26.023240532637203
Passer_domesticus,Suelo_arenoso,-6.933067895731555,NA,600,NA,26.023240532637203
Passer_domesticus,Rocas,27.113808281731192,NA,600,NA,26.023240532637203
Pelecanus_thagus,(Intercept),184.0826343015473,NA,600,NA,94.29932935370311
Pelecanus_thagus,Bosque_Nativo,31.41933837392053,NA,600,NA,94.29932935370311
Pelecanus_thagus,Humedales,-99.40398362331514,NA,600,NA,94.29932935370311
Pelecanus_thagus,Sup_impermeables,-2.6532566832309556,NA,600,NA,94.29932935370311
Pelecanus_thagus,Suelo_arenoso,-16.014376874558142,NA,600,NA,94.29932935370311
Pelecanus_thagus,Rocas,-29.467883289464513,NA,600,NA,94.29932935370311
Pelecanus_thagus,Grava,16.131080838652785,NA,600,NA,94.29932935370311
Phalacrocorax_bougainvillii,(Intercept),-81.92716057544561,NA,600,NA,12.007298471205308
Phalacrocorax_bougainvillii,Rocas,30.853447197781385,NA,600,NA,12.007298471205308
Phalacrocorax_brasilianus,(Intercept),55.00179089227529,NA,600,NA,81.06197283749353
Phalacrocorax_brasilianus,Matorrales,-1.8537151270794805,NA,600,NA,81.06197283749353
Phalacrocorax_brasilianus,Humedales,18.229113599245196,NA,600,NA,81.06197283749353
Phalacrocorax_brasilianus,Sup_impermeables,-0.9434047104110779,NA,600,NA,81.06197283749353
Phalacrocorax_gaimardi,(Intercept),-65.57547305815918,NA,600,NA,10.634438452799191
Phalacrocorax_gaimardi,Suelo_arenoso,4.399309738365529,NA,600,NA,10.634438452799191
Phytotoma_rara,(Intercept),63.41646674933541,NA,600,NA,13.20251091099678
Phytotoma_rara,Grava,-106.93429541993652,NA,600,NA,13.20251091099678
Podiceps_occipitalis,(Intercept),-2.198917121105685,NA,600,NA,74.0979039762243
Podiceps_occipitalis,Oceano,0.03793310347974729,NA,600,NA,74.0979039762243
Pygochelidon_cyanoleuca,(Intercept),-7.189494673411482,NA,600,NA,13.292679466449215
Pygochelidon_cyanoleuca,Suelo_arenoso,1.899388584072666,NA,600,NA,13.292679466449215
Pygochelidon_cyanoleuca,Rocas,-70.92404257560437,NA,600,NA,13.292679466449215
Sephanoides_sephaniodes,(Intercept),0.07347338630606831,NA,600,NA,133.64360357306543
Sephanoides_sephaniodes,Humedales,2.675804232929984,NA,600,NA,133.64360357306543
Spinus_barbatus,(Intercept),2.8991878338237336,NA,600,NA,10.35875143636047
Spinus_barbatus,Oceano,-70.12811989521148,NA,600,NA,10.35875143636047
Stercorarius_chilensis,(Intercept),-32.5889703029421,NA,600,NA,9.414981708720997
Stercorarius_chilensis,Pastizales,3.893609237995684,NA,600,NA,9.414981708720997
Sturnella_loyca,(Intercept),-1.4204184378462836,NA,600,NA,16.968517981285498
Sturnella_loyca,Suelo_arenoso,-39.57482193439413,NA,600,NA,16.968517981285498
Sturnella_loyca,Rocas,78.28664451818734,NA,600,NA,16.968517981285498
Sula_variegata,(Intercept),117.78988805511098,NA,600,NA,58.855239733248524
Sula_variegata,Humedales,-277.3558207201932,NA,600,NA,58.855239733248524
Sula_variegata,Sup_impermeables,-2.256592771429022,NA,600,NA,58.855239733248524
Sula_variegata,Suelo_arenoso,-7.4353851953521595,NA,600,NA,58.855239733248524
Sula_variegata,Rocas,37.27827093659528,NA,600,NA,58.855239733248524
Sula_variegata,Grava,6.823186742357298,NA,600,NA,58.855239733248524
Tachycineta_meyeni,(Intercept),-0.3043855950689247,NA,600,NA,70.17165556370443
Tachycineta_meyeni,Bosque_Nativo,-7.351455455281191,NA,600,NA,70.17165556370443
Troglodytes_aedon,(Intercept),360.5141755347435,NA,600,NA,70.77672216639463
Troglodytes_aedon,Matorrales,-12.116996165041751,NA,600,NA,70.77672216639463
Troglodytes_aedon,Sup_impermeables,-2.0679617303631748,NA,600,NA,70.77672216639463
Troglodytes_aedon,Oceano,-3.875518898146033,NA,600,NA,70.77672216639463
Troglodytes_aedon,Suelo_arenoso,-12.10076093611795,NA,600,NA,70.77672216639463
Troglodytes_aedon,Grava,17.818149124375584,NA,600,NA,70.77672216639463
Turdus_falcklandii,(Intercept),-137.30022365657098,NA,600,NA,96.46549797381837
Turdus_falcklandii,Bosque_Nativo,31.803848702794426,NA,600,NA,96.46549797381837
Turdus_falcklandii,Sup_impermeables,4.178347778237607,NA,600,NA,96.46549797381837
Turdus_falcklandii,Suelo_arenoso,-13.577838835899039,NA,600,NA,96.46549797381837
Turdus_falcklandii,Rocas,18.765239432884307,NA,600,NA,96.46549797381837
Turdus_falcklandii,Grava,26.411104350149245,NA,600,NA,96.46549797381837
Vanellus_chilensis,(Intercept),0.6214946695165995,NA,600,NA,95.1278957388546
Vanellus_chilensis,Grava,-0.6170394971879984,NA,600,NA,95.1278957388546
Xolmis_pyrope,(Intercept),-24.464325491128314,NA,600,NA,15.537023897099564
Xolmis_pyrope,Pastizales,2.554119219751183,NA,600,NA,15.537023897099564
Zenaida_auriculata,(Intercept),145.82084852317942,NA,600,NA,67.14924184263081
Zenaida_auriculata,Oceano,-2.463718641007709,NA,600,NA,67.14924184263081
Zenaida_auriculata,Suelo_arenoso,-8.033857363110581,NA,600,NA,67.14924184263081
Zonotrichia_capensis,(Intercept),2.7285096895573115,NA,600,NA,80.61149075987723
Zonotrichia_capensis,Humedales,34.95020253373092,NA,600,NA,80.61149075987723
Zonotrichia_capensis,Suelo_arenoso,9.47665947691423,NA,600,NA,80.61149075987723
Zonotrichia_capensis,Grava,-16.672078768569833,NA,600,NA,80.61149075987723
Cathartes_aura,(Intercept),-73.98807198017397,NA,1100,NA,13.121525733880759
Cathartes_aura,Suelo_arenoso,-42.34853576837241,NA,1100,NA,13.121525733880759
Cathartes_aura,Grava,67.64753798828828,NA,1100,NA,13.121525733880759
Cinclodes_nigrofumosus,(Intercept),0.7098148467836031,NA,1100,NA,53.65900908040649
Cinclodes_nigrofumosus,Sup_impermeables,-0.07365153154666478,NA,1100,NA,53.65900908040649
Cinclodes_oustaleti,(Intercept),0.3282789383660872,NA,1100,NA,51.145024000704225
Cinclodes_oustaleti,Sup_impermeables,-0.07167980069597711,NA,1100,NA,51.145024000704225
Cinclodes_patagonicus,(Intercept),-65.29842917722422,NA,1100,NA,44.81800547709274
Cinclodes_patagonicus,Humedales,54.1999729539531,NA,1100,NA,44.81800547709274
Cinclodes_patagonicus,Oceano,0.8165822267747427,NA,1100,NA,44.81800547709274
Cinclodes_patagonicus,Suelo_arenoso,4.282409442852322,NA,1100,NA,44.81800547709274
Columba_livia,(Intercept),-2.836418605763259,NA,1100,NA,115.71927722535368
Columba_livia,Sup_impermeables,0.0795384485768565,NA,1100,NA,115.71927722535368
Columba_livia,Suelo_arenoso,0.7598019402203678,NA,1100,NA,115.71927722535368
Coragyps_atratus,(Intercept),98.3594721540588,NA,1100,NA,40.95527615993654
Coragyps_atratus,Sup_impermeables,-6.312798529874893,NA,1100,NA,40.95527615993654
Coragyps_atratus,Suelo_arenoso,22.32171051999744,NA,1100,NA,40.95527615993654
Curaeus_curaeus,(Intercept),-35.16409201475215,NA,1100,NA,17.77046508409905
Curaeus_curaeus,Pastizales,7.102044002774587,NA,1100,NA,17.77046508409905
Diuca_diuca,(Intercept),15.147544213852733,NA,1100,NA,9.30264663697688
Diuca_diuca,Bosque_Nativo,-91.73640997166797,NA,1100,NA,9.30264663697688
Egretta_thula,(Intercept),-2.6248245249550872,NA,1100,NA,24.952596871407863
Fulica_armillata,(Intercept),22.182972428016107,NA,1100,NA,6.751101920858188
Fulica_armillata,Sup_impermeables,-2.5122270001969498,NA,1100,NA,6.751101920858188
Geranoaetus_polyosoma,(Intercept),-13.065140824776645,NA,1100,NA,9.307222208614023
Geranoaetus_polyosoma,Bosque_Nativo,69.86575345073148,NA,1100,NA,9.307222208614023
Haematopus_ater,(Intercept),24.461474045767964,NA,1100,NA,37.986052943315
Haematopus_ater,Humedales,63.79901005241731,NA,1100,NA,37.986052943315
Haematopus_ater,Sup_impermeables,-1.3744401152785988,NA,1100,NA,37.986052943315
Haematopus_ater,Suelo_arenoso,12.445649711355776,NA,1100,NA,37.986052943315
Haematopus_ater,Grava,-27.53627203294808,NA,1100,NA,37.986052943315
Haematopus_palliatus,(Intercept),59.869860867346716,NA,1100,NA,52.350194702044575
Haematopus_palliatus,Grava,-38.59532081079325,NA,1100,NA,52.350194702044575
Himantopus_mexicanus,(Intercept),-28.78759720692154,NA,1100,NA,12.501410361400863
Himantopus_mexicanus,Humedales,41.44526839014022,NA,1100,NA,12.501410361400863
Larosterna_inca,(Intercept),58.158498292444236,NA,1100,NA,53.70114078421619
Larosterna_inca,Bosque_Nativo,-233.6944128725801,NA,1100,NA,53.70114078421619
Larosterna_inca,Pastizales,-16.714715807465538,NA,1100,NA,53.70114078421619
Larosterna_inca,Humedales,102.92169603357706,NA,1100,NA,53.70114078421619
Larosterna_inca,Suelo_arenoso,-4.573931540998706,NA,1100,NA,53.70114078421619
Larus_dominicanus,(Intercept),2289.330905425609,NA,1100,NA,6.75
Lessonia_rufa,(Intercept),-4.682316138214685,NA,1100,NA,19.053812749793387
Lessonia_rufa,Bosque_Nativo,14.642825776178075,NA,1100,NA,19.053812749793387
Lessonia_rufa,Rocas,-41.14425318949644,NA,1100,NA,19.053812749793387
Leucophaeus_modestus,(Intercept),1.8465842640765897,NA,1100,NA,105.13752378983013
Leucophaeus_modestus,Bosque_Nativo,5.189262522379354,NA,1100,NA,105.13752378983013
Leucophaeus_modestus,Pastizales,-0.9764417698175409,NA,1100,NA,105.13752378983013
Leucophaeus_pipixcan,(Intercept),20.287447981134154,NA,1100,NA,22.290414493095483
Leucophaeus_pipixcan,Humedales,-51.99218163218097,NA,1100,NA,22.290414493095483
Leucophaeus_pipixcan,Sup_impermeables,-0.659942953417886,NA,1100,NA,22.290414493095483
Milvago_chimango,(Intercept),-15.070569824607066,NA,1100,NA,95.55896201994504
Milvago_chimango,Bosque_Nativo,110.03209253467912,NA,1100,NA,95.55896201994504
Milvago_chimango,Humedales,41.34673377983499,NA,1100,NA,95.55896201994504
Milvago_chimango,Suelo_arenoso,12.346807137368064,NA,1100,NA,95.55896201994504
Milvago_chimango,Rocas,-83.6951362385082,NA,1100,NA,95.55896201994504
Milvago_chimango,Grava,-7.462903978754145,NA,1100,NA,95.55896201994504
Mimus_thenca,(Intercept),-21.849010545517572,NA,1100,NA,36.22577265441307
Mimus_thenca,Matorrales,1.5218783040009012,NA,1100,NA,36.22577265441307
Mimus_thenca,Humedales,-135.96414348036322,NA,1100,NA,36.22577265441307
Mimus_thenca,Suelo_arenoso,2.336746634775317,NA,1100,NA,36.22577265441307
Molothrus_bonariensis,(Intercept),32.06562361948748,NA,1100,NA,14.98271152632634
Molothrus_bonariensis,Bosque_Nativo,89.48608263262646,NA,1100,NA,14.98271152632634
Molothrus_bonariensis,Suelo_arenoso,-69.4666562843995,NA,1100,NA,14.98271152632634
Muscisaxicola_maclovianus,(Intercept),-130.7654306594478,NA,1100,NA,9.398912451971952
Muscisaxicola_maclovianus,Oceano,2.0531853613419857,NA,1100,NA,9.398912451971952
Myiopsitta_monachus,(Intercept),45.35550076604583,NA,1100,NA,9.363539830613727
Myiopsitta_monachus,Matorrales,-4.297193165494462,NA,1100,NA,9.363539830613727
Nycticorax_nycticorax,(Intercept),-72.17743727719902,NA,1100,NA,12.695018320050673
Nycticorax_nycticorax,Humedales,85.539301883462,NA,1100,NA,12.695018320050673
Nycticorax_nycticorax,Suelo_arenoso,-7.540459637781298,NA,1100,NA,12.695018320050673
Nycticorax_nycticorax,Rocas,59.99183705436435,NA,1100,NA,12.695018320050673
Passer_domesticus,(Intercept),-397.23199840793,NA,1100,NA,28.838427386731027
Passer_domesticus,Bosque_Nativo,-226.59492917133795,NA,1100,NA,28.838427386731027
Passer_domesticus,Pastizales,45.999873354825255,NA,1100,NA,28.838427386731027
Passer_domesticus,Sup_impermeables,3.668555891351295,NA,1100,NA,28.838427386731027
Passer_domesticus,Rocas,312.50569518632244,NA,1100,NA,28.838427386731027
Passer_domesticus,Grava,-57.74882221505014,NA,1100,NA,28.838427386731027
Pelecanus_thagus,(Intercept),-112.55802356959366,NA,1100,NA,90.8182894968259
Pelecanus_thagus,Matorrales,-0.39302740662487046,NA,1100,NA,90.8182894968259
Pelecanus_thagus,Humedales,59.73125286560774,NA,1100,NA,90.8182894968259
Pelecanus_thagus,Oceano,2.588923422548054,NA,1100,NA,90.8182894968259
Phalacrocorax_bougainvillii,(Intercept),-61.11992726897252,NA,1100,NA,12.00626765453815
Phalacrocorax_bougainvillii,Rocas,46.40474839560932,NA,1100,NA,12.00626765453815
Phalacrocorax_brasilianus,(Intercept),51.294293619085416,NA,1100,NA,81.2021357687219
Phalacrocorax_brasilianus,Bosque_Nativo,12.983908465704063,NA,1100,NA,81.2021357687219
Phalacrocorax_brasilianus,Matorrales,-1.6275715800725008,NA,1100,NA,81.2021357687219
Phalacrocorax_brasilianus,Sup_impermeables,-0.8944081393855983,NA,1100,NA,81.2021357687219
Phalacrocorax_gaimardi,(Intercept),-50.93556704469051,NA,1100,NA,12.261811791783057
Phalacrocorax_gaimardi,Grava,12.650306622657116,NA,1100,NA,12.261811791783057
Phytotoma_rara,(Intercept),108.97188140890675,NA,1100,NA,17.74384375199341
Phytotoma_rara,Oceano,-2.7343780229430017,NA,1100,NA,17.74384375199341
Phytotoma_rara,Grava,-64.21147550837165,NA,1100,NA,17.74384375199341
Podiceps_occipitalis,(Intercept),2.9088813851879514,NA,1100,NA,69.1718337901633
Podiceps_occipitalis,Pastizales,-0.5401186713563421,NA,1100,NA,69.1718337901633
Podiceps_occipitalis,Suelo_arenoso,0.7325633625404657,NA,1100,NA,69.1718337901633
Podiceps_occipitalis,Grava,-2.690689176018993,NA,1100,NA,69.1718337901633
Pygochelidon_cyanoleuca,(Intercept),-28.78759720692154,NA,1100,NA,12.501410361400863
Pygochelidon_cyanoleuca,Humedales,41.44526839014022,NA,1100,NA,12.501410361400863
Sephanoides_sephaniodes,(Intercept),0.6552662028942086,NA,1100,NA,134.50389142485886
Spinus_barbatus,(Intercept),27.887793509806844,NA,1100,NA,9.341433459228757
Spinus_barbatus,Oceano,-26.667031138308523,NA,1100,NA,9.341433459228757
Stercorarius_chilensis,(Intercept),22.738868669834375,NA,1100,NA,9.355820739148934
Stercorarius_chilensis,Sup_impermeables,-2.5071926174446344,NA,1100,NA,9.355820739148934
Sturnella_loyca,(Intercept),-29.020088244527635,NA,1100,NA,19.649438085294847
Sturnella_loyca,Bosque_Nativo,64.62589679989641,NA,1100,NA,19.649438085294847
Sturnella_loyca,Pastizales,8.768787211818413,NA,1100,NA,19.649438085294847
Sturnella_loyca,Matorrales,-4.883502688053947,NA,1100,NA,19.649438085294847
Sula_variegata,(Intercept),-94.89840921669688,NA,1100,NA,57.89374214094013
Sula_variegata,Oceano,2.2612825535961822,NA,1100,NA,57.89374214094013
Tachycineta_meyeni,(Intercept),-1.0730905575119232,NA,1100,NA,72.31182845509984
Troglodytes_aedon,(Intercept),-145.10923807396185,NA,1100,NA,75.59515267162877
Troglodytes_aedon,Pastizales,48.57884355558991,NA,1100,NA,75.59515267162877
Troglodytes_aedon,Matorrales,-11.673431074008617,NA,1100,NA,75.59515267162877
Troglodytes_aedon,Sup_impermeables,1.7587011237080994,NA,1100,NA,75.59515267162877
Troglodytes_aedon,Grava,28.93824359684979,NA,1100,NA,75.59515267162877
Turdus_falcklandii,(Intercept),4.492492466418967,NA,1100,NA,102.60846691775771
Turdus_falcklandii,Oceano,-0.11612983320082874,NA,1100,NA,102.60846691775771
Vanellus_chilensis,(Intercept),21.001447597484063,NA,1100,NA,93.55437325945849
Vanellus_chilensis,Bosque_Nativo,-46.37999345471017,NA,1100,NA,93.55437325945849
Vanellus_chilensis,Pastizales,7.914496206942149,NA,1100,NA,93.55437325945849
Vanellus_chilensis,Sup_impermeables,-0.9356068351659808,NA,1100,NA,93.55437325945849
Vanellus_chilensis,Suelo_arenoso,9.553746378956246,NA,1100,NA,93.55437325945849
Vanellus_chilensis,Grava,-20.753591011007966,NA,1100,NA,93.55437325945849
Xolmis_pyrope,(Intercept),15.152101330585738,NA,1100,NA,15.726592224179928
Xolmis_pyrope,Oceano,-23.456039982217387,NA,1100,NA,15.726592224179928
Zenaida_auriculata,(Intercept),-128.4487065030202,NA,1100,NA,69.28215315713852
Zenaida_auriculata,Pastizales,11.770293065949115,NA,1100,NA,69.28215315713852
Zenaida_auriculata,Sup_impermeables,2.4911359915017086,NA,1100,NA,69.28215315713852
Zenaida_auriculata,Rocas,77.22872190257216,NA,1100,NA,69.28215315713852
Zenaida_auriculata,Grava,-18.793210173925377,NA,1100,NA,69.28215315713852
Zonotrichia_capensis,(Intercept),1.3595861520465484,NA,1100,NA,83.21438749760573
Zonotrichia_capensis,Bosque_Nativo,13.214460936457925,NA,1100,NA,83.21438749760573
Cathartes_aura,(Intercept),-39.52606044435731,NA,1700,NA,14.491170445881554
Cathartes_aura,Grava,18.30181580281802,NA,1700,NA,14.491170445881554
Cinclodes_nigrofumosus,(Intercept),1.5838021552306074,NA,1700,NA,53.117333470998666
Cinclodes_nigrofumosus,Pastizales,-0.9161495273584096,NA,1700,NA,53.117333470998666
Cinclodes_oustaleti,(Intercept),-4.530774215782341,NA,1700,NA,51.414769004574964
Cinclodes_oustaleti,Oceano,0.06034408713401909,NA,1700,NA,51.414769004574964
Cinclodes_patagonicus,(Intercept),-78.33109914920001,NA,1700,NA,45.53143366654647
Cinclodes_patagonicus,Oceano,1.0568541633252648,NA,1700,NA,45.53143366654647
Cinclodes_patagonicus,Rocas,84.9321912564944,NA,1700,NA,45.53143366654647
Columba_livia,(Intercept),3.301605526095244,NA,1700,NA,114.93152837554052
Columba_livia,Humedales,-7.545550170138468,NA,1700,NA,114.93152837554052
Columba_livia,Oceano,-0.10527956345024328,NA,1700,NA,114.93152837554052
Columba_livia,Suelo_arenoso,2.8180343202568494,NA,1700,NA,114.93152837554052
Coragyps_atratus,(Intercept),-32.18248848330399,NA,1700,NA,42.24176101572162
Coragyps_atratus,Oceano,0.31173812448552224,NA,1700,NA,42.24176101572162
Coragyps_atratus,Rocas,53.150347274904064,NA,1700,NA,42.24176101572162
Curaeus_curaeus,(Intercept),-102.3150027800044,NA,1700,NA,17.554774810020717
Curaeus_curaeus,Pastizales,18.413537514310555,NA,1700,NA,17.554774810020717
Diuca_diuca,(Intercept),10.723899179682821,NA,1700,NA,9.310981958627064
Diuca_diuca,Bosque_Nativo,-40.3964559696945,NA,1700,NA,9.310981958627064
Egretta_thula,(Intercept),-2.6248245249550872,NA,1700,NA,24.952596871407863
Fulica_armillata,(Intercept),25.61771237750864,NA,1700,NA,6.750000701100685
Fulica_armillata,Sup_impermeables,-4.056290049275427,NA,1700,NA,6.750000701100685
Geranoaetus_polyosoma,(Intercept),-8.841327772896987,NA,1700,NA,9.357773506726542
Geranoaetus_polyosoma,Bosque_Nativo,53.19696308149425,NA,1700,NA,9.357773506726542
Haematopus_ater,(Intercept),-4.1790446915784045,NA,1700,NA,36.05816359837542
Haematopus_ater,Bosque_Nativo,50.03983255290013,NA,1700,NA,36.05816359837542
Haematopus_ater,Pastizales,-16.94479011717158,NA,1700,NA,36.05816359837542
Haematopus_ater,Humedales,54.25934810418496,NA,1700,NA,36.05816359837542
Haematopus_palliatus,(Intercept),-39.2620455797313,NA,1700,NA,52.2470414337526
Haematopus_palliatus,Bosque_Nativo,42.06858122828453,NA,1700,NA,52.2470414337526
Haematopus_palliatus,Oceano,0.8909066539655376,NA,1700,NA,52.2470414337526
Haematopus_palliatus,Rocas,-115.31903733179517,NA,1700,NA,52.2470414337526
Himantopus_mexicanus,(Intercept),-42.28591922162108,NA,1700,NA,12.689703458603132
Himantopus_mexicanus,Humedales,77.68684541330065,NA,1700,NA,12.689703458603132
Larosterna_inca,(Intercept),65.59760201847352,NA,1700,NA,53.02099236959296
Larosterna_inca,Bosque_Nativo,-109.35679611090572,NA,1700,NA,53.02099236959296
Larosterna_inca,Pastizales,-12.756041674015659,NA,1700,NA,53.02099236959296
Larosterna_inca,Suelo_arenoso,-22.06778265950049,NA,1700,NA,53.02099236959296
Larosterna_inca,Grava,23.888137025191703,NA,1700,NA,53.02099236959296
Larus_dominicanus,(Intercept),2289.330905425609,NA,1700,NA,6.75
Lessonia_rufa,(Intercept),-27.940699710486577,NA,1700,NA,21.91146268933049
Lessonia_rufa,Pastizales,8.02915385380081,NA,1700,NA,21.91146268933049
Lessonia_rufa,Humedales,41.233606116755574,NA,1700,NA,21.91146268933049
Lessonia_rufa,Sup_impermeables,-1.157072526135335,NA,1700,NA,21.91146268933049
Leucophaeus_modestus,(Intercept),5.133339922384841,NA,1700,NA,104.13643712242853
Leucophaeus_modestus,Pastizales,-0.9030060973291192,NA,1700,NA,104.13643712242853
Leucophaeus_modestus,Grava,-1.596220865387299,NA,1700,NA,104.13643712242853
Leucophaeus_pipixcan,(Intercept),50.51200925749107,NA,1700,NA,18.09144300032682
Leucophaeus_pipixcan,Humedales,-109.74187788051862,NA,1700,NA,18.09144300032682
Leucophaeus_pipixcan,Sup_impermeables,-1.7912582910723722,NA,1700,NA,18.09144300032682
Milvago_chimango,(Intercept),-40.616412292804206,NA,1700,NA,90.00057875768009
Milvago_chimango,Bosque_Nativo,35.00610935931592,NA,1700,NA,90.00057875768009
Milvago_chimango,Sup_impermeables,2.041125087918763,NA,1700,NA,90.00057875768009
Milvago_chimango,Suelo_arenoso,-22.82555290199522,NA,1700,NA,90.00057875768009
Milvago_chimango,Rocas,-104.30936034707014,NA,1700,NA,90.00057875768009
Milvago_chimango,Grava,38.558005732013136,NA,1700,NA,90.00057875768009
Mimus_thenca,(Intercept),-128.01000034787253,NA,1700,NA,39.11833740430147
Mimus_thenca,Bosque_Nativo,42.01581583897641,NA,1700,NA,39.11833740430147
Mimus_thenca,Sup_impermeables,2.933733921791743,NA,1700,NA,39.11833740430147
Mimus_thenca,Suelo_arenoso,-10.351734521939632,NA,1700,NA,39.11833740430147
Mimus_thenca,Rocas,62.621167532286414,NA,1700,NA,39.11833740430147
Molothrus_bonariensis,(Intercept),-377.22903578407653,NA,1700,NA,12.60397159370677
Molothrus_bonariensis,Pastizales,67.16288432998502,NA,1700,NA,12.60397159370677
Muscisaxicola_maclovianus,(Intercept),-115.11736466710492,NA,1700,NA,11.318090520736309
Muscisaxicola_maclovianus,Oceano,1.7357883872603497,NA,1700,NA,11.318090520736309
Myiopsitta_monachus,(Intercept),18.956195178713266,NA,1700,NA,9.538280292628691
Myiopsitta_monachus,Suelo_arenoso,-17.68407857970646,NA,1700,NA,9.538280292628691
Nycticorax_nycticorax,(Intercept),-60.81522651948789,NA,1700,NA,12.133552717037164
Nycticorax_nycticorax,Humedales,65.33112560542929,NA,1700,NA,12.133552717037164
Nycticorax_nycticorax,Rocas,60.05250300130776,NA,1700,NA,12.133552717037164
Passer_domesticus,(Intercept),-13.382727115108342,NA,1700,NA,37.58176612714524
Passer_domesticus,Bosque_Nativo,-2.517149245623568,NA,1700,NA,37.58176612714524
Passer_domesticus,Pastizales,1.8453559231188208,NA,1700,NA,37.58176612714524
Passer_domesticus,Rocas,11.843162173847213,NA,1700,NA,37.58176612714524
Pelecanus_thagus,(Intercept),135.63521756908557,NA,1700,NA,93.45457564043201
Pelecanus_thagus,Matorrales,-3.019825938757573,NA,1700,NA,93.45457564043201
Pelecanus_thagus,Sup_impermeables,-1.8025211781195971,NA,1700,NA,93.45457564043201
Pelecanus_thagus,Suelo_arenoso,-12.46442390180553,NA,1700,NA,93.45457564043201
Phalacrocorax_bougainvillii,(Intercept),-32.808078706252815,NA,1700,NA,12.07307462322257
Phalacrocorax_bougainvillii,Rocas,46.81488142136839,NA,1700,NA,12.07307462322257
Phalacrocorax_brasilianus,(Intercept),-33.39169701918399,NA,1700,NA,83.04738406638174
Phalacrocorax_brasilianus,Bosque_Nativo,9.707676413034084,NA,1700,NA,83.04738406638174
Phalacrocorax_brasilianus,Matorrales,-0.9798339512082704,NA,1700,NA,83.04738406638174
Phalacrocorax_brasilianus,Oceano,1.1690885127355262,NA,1700,NA,83.04738406638174
Phalacrocorax_gaimardi,(Intercept),-38.13340457678329,NA,1700,NA,13.065071611986887
Phalacrocorax_gaimardi,Grava,15.45515892469376,NA,1700,NA,13.065071611986887
Phytotoma_rara,(Intercept),-22.83777330141717,NA,1700,NA,17.62625624767406
Phytotoma_rara,Pastizales,15.22866079826614,NA,1700,NA,17.62625624767406
Phytotoma_rara,Grava,-63.454418597607116,NA,1700,NA,17.62625624767406
Podiceps_occipitalis,(Intercept),5.297113745738868,NA,1700,NA,67.74267439539084
Podiceps_occipitalis,Pastizales,-1.0296670002515553,NA,1700,NA,67.74267439539084
Podiceps_occipitalis,Grava,-2.0631202575824603,NA,1700,NA,67.74267439539084
Pygochelidon_cyanoleuca,(Intercept),-42.28591922162108,NA,1700,NA,12.689703458603132
Pygochelidon_cyanoleuca,Humedales,77.68684541330065,NA,1700,NA,12.689703458603132
Sephanoides_sephaniodes,(Intercept),1.4568065239042223,NA,1700,NA,133.18105673514697
Sephanoides_sephaniodes,Sup_impermeables,0.07485179264693972,NA,1700,NA,133.18105673514697
Sephanoides_sephaniodes,Suelo_arenoso,-1.2073974561666154,NA,1700,NA,133.18105673514697
Spinus_barbatus,(Intercept),49.63117688787827,NA,1700,NA,9.319785215599303
Spinus_barbatus,Oceano,-4.376904196544862,NA,1700,NA,9.319785215599303
Stercorarius_chilensis,(Intercept),20.77963723202786,NA,1700,NA,9.290865886477507
Stercorarius_chilensis,Sup_impermeables,-2.1509849338865963,NA,1700,NA,9.290865886477507
Sturnella_loyca,(Intercept),-40.083171987558224,NA,1700,NA,19.66607382524464
Sturnella_loyca,Bosque_Nativo,28.795550579039865,NA,1700,NA,19.66607382524464
Sturnella_loyca,Pastizales,14.812416584742058,NA,1700,NA,19.66607382524464
Sturnella_loyca,Matorrales,-4.554968205553238,NA,1700,NA,19.66607382524464
Sula_variegata,(Intercept),-135.7424635347848,NA,1700,NA,55.82861982588272
Sula_variegata,Oceano,3.0713066267285107,NA,1700,NA,55.82861982588272
Tachycineta_meyeni,(Intercept),-1.0730905575119232,NA,1700,NA,72.31182845509984
Troglodytes_aedon,(Intercept),-64.17064201256287,NA,1700,NA,69.72076175911398
Troglodytes_aedon,Humedales,121.15277390266412,NA,1700,NA,69.72076175911398
Troglodytes_aedon,Sup_impermeables,1.5777212332293944,NA,1700,NA,69.72076175911398
Troglodytes_aedon,Rocas,-42.52614979975421,NA,1700,NA,69.72076175911398
Turdus_falcklandii,(Intercept),4.293659169674294,NA,1700,NA,106.1966465816326
Turdus_falcklandii,Oceano,-0.1044826619477236,NA,1700,NA,106.1966465816326
Vanellus_chilensis,(Intercept),-0.3667240352351598,NA,1700,NA,96.18360423239828
Xolmis_pyrope,(Intercept),34.19480360052669,NA,1700,NA,16.16653320778719
Xolmis_pyrope,Oceano,-1.6270709428037686,NA,1700,NA,16.16653320778719
Zenaida_auriculata,(Intercept),94.48107036317583,NA,1700,NA,66.63094261751229
Zenaida_auriculata,Bosque_Nativo,-9.442833928350966,NA,1700,NA,66.63094261751229
Zenaida_auriculata,Oceano,-1.4367934681640315,NA,1700,NA,66.63094261751229
Zenaida_auriculata,Suelo_arenoso,-11.820002944157132,NA,1700,NA,66.63094261751229
Zonotrichia_capensis,(Intercept),46.122012091438464,NA,1700,NA,79.52426004712692
Zonotrichia_capensis,Bosque_Nativo,136.17618145946452,NA,1700,NA,79.52426004712692
Zonotrichia_capensis,Pastizales,-17.106194892049007,NA,1700,NA,79.52426004712692
Zonotrichia_capensis,Suelo_arenoso,-39.22410733722304,NA,1700,NA,79.52426004712692
Zonotrichia_capensis,Grava,90.90553105567216,NA,1700,NA,79.52426004712692
Cathartes_aura,(Intercept),-30.54855332440221,NA,2200,NA,14.715516234287913
Cathartes_aura,Bosque_Nativo,-92.35017582477491,NA,2200,NA,14.715516234287913
Cathartes_aura,Humedales,95.60144049543368,NA,2200,NA,14.715516234287913
Cinclodes_nigrofumosus,(Intercept),2.112620522739616,NA,2200,NA,52.371232704505374
Cinclodes_nigrofumosus,Pastizales,-1.7056065018206288,NA,2200,NA,52.371232704505374
Cinclodes_nigrofumosus,Rocas,6.661373291363737,NA,2200,NA,52.371232704505374
Cinclodes_oustaleti,(Intercept),1.177246573904804,NA,2200,NA,51.64451120481401
Cinclodes_oustaleti,Pastizales,-0.846773869824931,NA,2200,NA,51.64451120481401
Cinclodes_patagonicus,(Intercept),-138.0283004390612,NA,2200,NA,46.6324460898014
Cinclodes_patagonicus,Sup_impermeables,1.0235614822644785,NA,2200,NA,46.6324460898014
Cinclodes_patagonicus,Oceano,1.455231446083306,NA,2200,NA,46.6324460898014
Cinclodes_patagonicus,Rocas,159.1685486954331,NA,2200,NA,46.6324460898014
Columba_livia,(Intercept),-4.14234276905308,NA,2200,NA,116.63933128928299
Columba_livia,Matorrales,0.16265599861040733,NA,2200,NA,116.63933128928299
Columba_livia,Suelo_arenoso,3.367017515749704,NA,2200,NA,116.63933128928299
Columba_livia,Rocas,-11.024725901437451,NA,2200,NA,116.63933128928299
Coragyps_atratus,(Intercept),11.12278550423862,NA,2200,NA,42.17321390951772
Coragyps_atratus,Pastizales,-12.120561737247725,NA,2200,NA,42.17321390951772
Coragyps_atratus,Rocas,103.19526148216934,NA,2200,NA,42.17321390951772
Curaeus_curaeus,(Intercept),89.73088123180294,NA,2200,NA,18.863641652507944
Curaeus_curaeus,Oceano,-2.907635349508795,NA,2200,NA,18.863641652507944
Diuca_diuca,(Intercept),10.888576316544523,NA,2200,NA,9.391861509717657
Diuca_diuca,Bosque_Nativo,-29.31073808830576,NA,2200,NA,9.391861509717657
Egretta_thula,(Intercept),-2.6248245249550872,NA,2200,NA,24.952596871407863
Fulica_armillata,(Intercept),25.547549206413233,NA,2200,NA,6.750000005717162
Fulica_armillata,Sup_impermeables,-3.208333137709898,NA,2200,NA,6.750000005717162
Geranoaetus_polyosoma,(Intercept),24.637830453069036,NA,2200,NA,9.327089381771035
Geranoaetus_polyosoma,Suelo_arenoso,-28.00500635089018,NA,2200,NA,9.327089381771035
Haematopus_ater,(Intercept),-8.585099106005279,NA,2200,NA,39.48819493963954
Haematopus_ater,Bosque_Nativo,39.65311654901959,NA,2200,NA,39.48819493963954
Haematopus_ater,Pastizales,-6.640282938137623,NA,2200,NA,39.48819493963954
Haematopus_palliatus,(Intercept),7.3757193125970915,NA,2200,NA,51.97451952501027
Haematopus_palliatus,Bosque_Nativo,15.400175189596595,NA,2200,NA,51.97451952501027
Haematopus_palliatus,Matorrales,-2.215645715501171,NA,2200,NA,51.97451952501027
Haematopus_palliatus,Humedales,88.41579898711265,NA,2200,NA,51.97451952501027
Himantopus_mexicanus,(Intercept),-23.016193749382108,NA,2200,NA,11.448603029317008
Himantopus_mexicanus,Humedales,50.75938473625949,NA,2200,NA,11.448603029317008
Larosterna_inca,(Intercept),-18.536857807657388,NA,2200,NA,55.20048622733453
Larosterna_inca,Oceano,4.079585923842336,NA,2200,NA,55.20048622733453
Larosterna_inca,Suelo_arenoso,-116.80758062093523,NA,2200,NA,55.20048622733453
Larus_dominicanus,(Intercept),2289.330905425609,NA,2200,NA,6.75
Lessonia_rufa,(Intercept),12.885572192883,NA,2200,NA,18.842728950531917
Lessonia_rufa,Pastizales,37.471740888046554,NA,2200,NA,18.842728950531917
Lessonia_rufa,Sup_impermeables,-10.586058803802748,NA,2200,NA,18.842728950531917
Leucophaeus_modestus,(Intercept),7.807698290275727,NA,2200,NA,100.34587649017777
Leucophaeus_modestus,Pastizales,-2.8310771798017256,NA,2200,NA,100.34587649017777
Leucophaeus_modestus,Humedales,31.977247559861606,NA,2200,NA,100.34587649017777
Leucophaeus_modestus,Suelo_arenoso,6.667984006992828,NA,2200,NA,100.34587649017777
Leucophaeus_modestus,Grava,-14.880830590160548,NA,2200,NA,100.34587649017777
Leucophaeus_pipixcan,(Intercept),55.30895406493791,NA,2200,NA,18.030709352425486
Leucophaeus_pipixcan,Humedales,-104.65681501088972,NA,2200,NA,18.030709352425486
Leucophaeus_pipixcan,Sup_impermeables,-2.2669224551415406,NA,2200,NA,18.030709352425486
Milvago_chimango,(Intercept),-14.146335172844056,NA,2200,NA,93.74190643665933
Milvago_chimango,Bosque_Nativo,14.934398905231642,NA,2200,NA,93.74190643665933
Milvago_chimango,Humedales,123.45217099615151,NA,2200,NA,93.74190643665933
Milvago_chimango,Sup_impermeables,0.9512727072649009,NA,2200,NA,93.74190643665933
Milvago_chimango,Rocas,-151.93194459492943,NA,2200,NA,93.74190643665933
Mimus_thenca,(Intercept),-182.60956710271344,NA,2200,NA,36.421451697554616
Mimus_thenca,Bosque_Nativo,77.32973657688548,NA,2200,NA,36.421451697554616
Mimus_thenca,Sup_impermeables,3.8851441629248025,NA,2200,NA,36.421451697554616
Mimus_thenca,Grava,-14.664213653210787,NA,2200,NA,36.421451697554616
Molothrus_bonariensis,(Intercept),9.749757386368087,NA,2200,NA,15.521277768334615
Molothrus_bonariensis,Humedales,61.56584237738987,NA,2200,NA,15.521277768334615
Molothrus_bonariensis,Oceano,-0.9253827457093127,NA,2200,NA,15.521277768334615
Muscisaxicola_maclovianus,(Intercept),-20.051908323994745,NA,2200,NA,12.04525236612129
Muscisaxicola_maclovianus,Pastizales,-158.9668067380621,NA,2200,NA,12.04525236612129
Muscisaxicola_maclovianus,Oceano,6.4034351570786185,NA,2200,NA,12.04525236612129
Myiopsitta_monachus,(Intercept),79.8703708547765,NA,2200,NA,9.640721027247906
Myiopsitta_monachus,Suelo_arenoso,-68.75440261377265,NA,2200,NA,9.640721027247906
Nycticorax_nycticorax,(Intercept),-3.5572050692691977,NA,2200,NA,13.503252284840817
Passer_domesticus,(Intercept),-0.9302857797747613,NA,2200,NA,38.53581810715029
Passer_domesticus,Bosque_Nativo,-2.668466752090935,NA,2200,NA,38.53581810715029
Passer_domesticus,Oceano,-0.14009277115866411,NA,2200,NA,38.53581810715029
Passer_domesticus,Rocas,18.2604771773229,NA,2200,NA,38.53581810715029
Pelecanus_thagus,(Intercept),-148.8226506030178,NA,2200,NA,89.8632632128634
Pelecanus_thagus,Pastizales,10.095188031438685,NA,2200,NA,89.8632632128634
Pelecanus_thagus,Oceano,2.6705165586900956,NA,2200,NA,89.8632632128634
Phalacrocorax_bougainvillii,(Intercept),-26.81604573797744,NA,2200,NA,12.231453160797887
Phalacrocorax_bougainvillii,Rocas,55.453613004153254,NA,2200,NA,12.231453160797887
Phalacrocorax_brasilianus,(Intercept),146.3986050923535,NA,2200,NA,84.27503300129088
Phalacrocorax_brasilianus,Bosque_Nativo,9.156372059268442,NA,2200,NA,84.27503300129088
Phalacrocorax_brasilianus,Matorrales,-3.962390304981033,NA,2200,NA,84.27503300129088
Phalacrocorax_brasilianus,Sup_impermeables,-2.4627560095790377,NA,2200,NA,84.27503300129088
Phalacrocorax_brasilianus,Rocas,-27.284890697605928,NA,2200,NA,84.27503300129088
Phalacrocorax_gaimardi,(Intercept),-76.08914131138317,NA,2200,NA,12.473265757717783
Phalacrocorax_gaimardi,Grava,41.635561263502446,NA,2200,NA,12.473265757717783
Phytotoma_rara,(Intercept),-9.063522599325436,NA,2200,NA,17.546719660945104
Phytotoma_rara,Pastizales,10.351966929993155,NA,2200,NA,17.546719660945104
Phytotoma_rara,Grava,-55.997251600477014,NA,2200,NA,17.546719660945104
Podiceps_occipitalis,(Intercept),165.23484365009654,NA,2200,NA,61.1581217042211
Podiceps_occipitalis,Pastizales,-6.55853134025953,NA,2200,NA,61.1581217042211
Podiceps_occipitalis,Matorrales,-1.7427821227611897,NA,2200,NA,61.1581217042211
Podiceps_occipitalis,Sup_impermeables,-1.2923060845908432,NA,2200,NA,61.1581217042211
Podiceps_occipitalis,Oceano,-1.549025099365513,NA,2200,NA,61.1581217042211
Podiceps_occipitalis,Grava,-9.099474883147689,NA,2200,NA,61.1581217042211
Pygochelidon_cyanoleuca,(Intercept),-23.016193749382108,NA,2200,NA,11.448603029317008
Pygochelidon_cyanoleuca,Humedales,50.75938473625949,NA,2200,NA,11.448603029317008
Sephanoides_sephaniodes,(Intercept),1.8209249717502343,NA,2200,NA,133.09777238154163
Sephanoides_sephaniodes,Sup_impermeables,0.11164902747999647,NA,2200,NA,133.09777238154163
Sephanoides_sephaniodes,Suelo_arenoso,-2.0071587410765552,NA,2200,NA,133.09777238154163
Spinus_barbatus,(Intercept),-118.49243319457278,NA,2200,NA,9.74062851313554
Spinus_barbatus,Pastizales,17.941864375262696,NA,2200,NA,9.74062851313554
Stercorarius_chilensis,(Intercept),19.959095715526214,NA,2200,NA,9.291526613219096
Stercorarius_chilensis,Sup_impermeables,-2.9028100661379788,NA,2200,NA,9.291526613219096
Sturnella_loyca,(Intercept),-113.18529965626429,NA,2200,NA,19.70832989714201
Sturnella_loyca,Bosque_Nativo,5.7908445974068155,NA,2200,NA,19.70832989714201
Sturnella_loyca,Pastizales,11.660041425856985,NA,2200,NA,19.70832989714201
Sturnella_loyca,Oceano,0.9793852234026336,NA,2200,NA,19.70832989714201
Sula_variegata,(Intercept),-177.00845044318845,NA,2200,NA,55.42086967241144
Sula_variegata,Matorrales,1.160578565367041,NA,2200,NA,55.42086967241144
Sula_variegata,Oceano,3.304489824611943,NA,2200,NA,55.42086967241144
Tachycineta_meyeni,(Intercept),-2.6935454886165955,NA,2200,NA,72.11675345982995
Tachycineta_meyeni,Bosque_Nativo,1.4542599374265515,NA,2200,NA,72.11675345982995
Tachycineta_meyeni,Pastizales,-1.0106788811018743,NA,2200,NA,72.11675345982995
Tachycineta_meyeni,Grava,3.367975436175463,NA,2200,NA,72.11675345982995
Troglodytes_aedon,(Intercept),-130.59838517076244,NA,2200,NA,69.53462121303498
Troglodytes_aedon,Humedales,154.9077009879557,NA,2200,NA,69.53462121303498
Troglodytes_aedon,Sup_impermeables,3.7106679095184427,NA,2200,NA,69.53462121303498
Troglodytes_aedon,Suelo_arenoso,-23.31205710913064,NA,2200,NA,69.53462121303498
Troglodytes_aedon,Grava,30.454378996045772,NA,2200,NA,69.53462121303498
Turdus_falcklandii,(Intercept),4.0139319168977154,NA,2200,NA,109.33348817835038
Turdus_falcklandii,Oceano,-0.09462276871735453,NA,2200,NA,109.33348817835038
Vanellus_chilensis,(Intercept),-0.3667240352351598,NA,2200,NA,96.18360423239828
Xolmis_pyrope,(Intercept),-75.30224175612491,NA,2200,NA,16.00813129757836
Xolmis_pyrope,Matorrales,2.6768877264456403,NA,2200,NA,16.00813129757836
Zenaida_auriculata,(Intercept),-61.418119170944834,NA,2200,NA,64.97702459199455
Zenaida_auriculata,Bosque_Nativo,-16.78436541084402,NA,2200,NA,64.97702459199455
Zenaida_auriculata,Pastizales,18.07131275143333,NA,2200,NA,64.97702459199455
Zenaida_auriculata,Matorrales,1.4441698785107768,NA,2200,NA,64.97702459199455
Zenaida_auriculata,Suelo_arenoso,-13.832820047935801,NA,2200,NA,64.97702459199455
Zonotrichia_capensis,(Intercept),6.309012141051596,NA,2200,NA,78.31476334626772
Zonotrichia_capensis,Humedales,-25.008394122099414,NA,2200,NA,78.31476334626772
Zonotrichia_capensis,Suelo_arenoso,-13.112441801875532,NA,2200,NA,78.31476334626772
Zonotrichia_capensis,Rocas,180.961424472637,NA,2200,NA,78.31476334626772
Cathartes_aura,(Intercept),-25.238444456489262,NA,2800,NA,14.72678580200682
Cathartes_aura,Bosque_Nativo,-71.94823636174836,NA,2800,NA,14.72678580200682
Cathartes_aura,Matorrales,1.8370992692436034,NA,2800,NA,14.72678580200682
Cinclodes_nigrofumosus,(Intercept),-8.807315298151185,NA,2800,NA,53.774919374435086
Cinclodes_nigrofumosus,Oceano,0.09957362413109705,NA,2800,NA,53.774919374435086
Cinclodes_nigrofumosus,Rocas,10.448834146099722,NA,2800,NA,53.774919374435086
Cinclodes_oustaleti,(Intercept),-1.765918380470702,NA,2800,NA,52.03805454270763
Cinclodes_patagonicus,(Intercept),-1.009249503530031,NA,2800,NA,49.5872554674661
Columba_livia,(Intercept),8.313610341281095,NA,2800,NA,118.21537703197043
Columba_livia,Oceano,-0.09958681543037917,NA,2800,NA,118.21537703197043
Columba_livia,Rocas,-9.083357553790748,NA,2800,NA,118.21537703197043
Coragyps_atratus,(Intercept),1.1406779125930255,NA,2800,NA,47.25008351279337
Coragyps_atratus,Pastizales,-61.4407190033438,NA,2800,NA,47.25008351279337
Coragyps_atratus,Matorrales,3.2066961022567577,NA,2800,NA,47.25008351279337
Coragyps_atratus,Suelo_arenoso,75.76953277704487,NA,2800,NA,47.25008351279337
Curaeus_curaeus,(Intercept),82.23573866993685,NA,2800,NA,19.75335011070922
Curaeus_curaeus,Oceano,-2.080419906668858,NA,2800,NA,19.75335011070922
Diuca_diuca,(Intercept),26.3805394872312,NA,2800,NA,9.361994362652855
Diuca_diuca,Bosque_Nativo,-54.55515975340612,NA,2800,NA,9.361994362652855
Egretta_thula,(Intercept),-6.4151003515745835,NA,2800,NA,24.447939773039423
Egretta_thula,Humedales,15.782493280806133,NA,2800,NA,24.447939773039423
Fulica_armillata,(Intercept),132.66691972095796,NA,2800,NA,6.750000000680841
Fulica_armillata,Sup_impermeables,-12.282594761155217,NA,2800,NA,6.750000000680841
Geranoaetus_polyosoma,(Intercept),-64.60590258930499,NA,2800,NA,9.370552612376015
Geranoaetus_polyosoma,Pastizales,16.651500140508183,NA,2800,NA,9.370552612376015
Haematopus_ater,(Intercept),-7.8824082576330685,NA,2800,NA,37.947880333158956
Haematopus_ater,Bosque_Nativo,35.967479192763946,NA,2800,NA,37.947880333158956
Haematopus_ater,Pastizales,-11.782683083986392,NA,2800,NA,37.947880333158956
Haematopus_ater,Suelo_arenoso,8.478379345969744,NA,2800,NA,37.947880333158956
Haematopus_palliatus,(Intercept),10.17114525088067,NA,2800,NA,52.7244218617317
Haematopus_palliatus,Bosque_Nativo,24.3025403438964,NA,2800,NA,52.7244218617317
Haematopus_palliatus,Matorrales,-2.5253595610823414,NA,2800,NA,52.7244218617317
Haematopus_palliatus,Humedales,73.69313383204694,NA,2800,NA,52.7244218617317
Himantopus_mexicanus,(Intercept),-60.566799940885744,NA,2800,NA,13.143119075188217
Himantopus_mexicanus,Bosque_Nativo,7.927447676524987,NA,2800,NA,13.143119075188217
Himantopus_mexicanus,Humedales,128.28142473035567,NA,2800,NA,13.143119075188217
Larosterna_inca,(Intercept),72.64911055802408,NA,2800,NA,50.43704622101417
Larosterna_inca,Pastizales,-20.789767775079056,NA,2800,NA,50.43704622101417
Larosterna_inca,Matorrales,-5.100597393472948,NA,2800,NA,50.43704622101417
Larosterna_inca,Humedales,374.4945860103052,NA,2800,NA,50.43704622101417
Larus_dominicanus,(Intercept),2289.330905425609,NA,2800,NA,6.75
Lessonia_rufa,(Intercept),-5.657229645335479,NA,2800,NA,18.840828525058175
Lessonia_rufa,Pastizales,10.436512791874813,NA,2800,NA,18.840828525058175
Lessonia_rufa,Sup_impermeables,-2.7607768198084583,NA,2800,NA,18.840828525058175
Leucophaeus_modestus,(Intercept),392.9854216933119,NA,2800,NA,91.73049257486852
Leucophaeus_modestus,Bosque_Nativo,16.514016443208455,NA,2800,NA,91.73049257486852
Leucophaeus_modestus,Pastizales,-19.275354403780263,NA,2800,NA,91.73049257486852
Leucophaeus_modestus,Matorrales,-4.596914429387864,NA,2800,NA,91.73049257486852
Leucophaeus_modestus,Sup_impermeables,-2.939121364605641,NA,2800,NA,91.73049257486852
Leucophaeus_modestus,Oceano,-3.8959056752785632,NA,2800,NA,91.73049257486852
Leucophaeus_pipixcan,(Intercept),12.033436554495255,NA,2800,NA,16.991292850124907
Leucophaeus_pipixcan,Rocas,-117.54800157764791,NA,2800,NA,16.991292850124907
Milvago_chimango,(Intercept),54.95882944221329,NA,2800,NA,96.42554263414692
Milvago_chimango,Matorrales,-0.6142336273449701,NA,2800,NA,96.42554263414692
Milvago_chimango,Oceano,-0.583479380515022,NA,2800,NA,96.42554263414692
Milvago_chimango,Suelo_arenoso,-9.0452046979743,NA,2800,NA,96.42554263414692
Mimus_thenca,(Intercept),-1.6177781823325978,NA,2800,NA,37.03155807833727
Mimus_thenca,Bosque_Nativo,24.009894263457035,NA,2800,NA,37.03155807833727
Mimus_thenca,Humedales,-74.82709959743933,NA,2800,NA,37.03155807833727
Mimus_thenca,Rocas,-73.0557012442191,NA,2800,NA,37.03155807833727
Molothrus_bonariensis,(Intercept),-116.13473285176741,NA,2800,NA,15.61080595349511
Molothrus_bonariensis,Bosque_Nativo,13.164323148529784,NA,2800,NA,15.61080595349511
Molothrus_bonariensis,Grava,85.24884103827851,NA,2800,NA,15.61080595349511
Muscisaxicola_maclovianus,(Intercept),4.557006393015339,NA,2800,NA,11.874383914720811
Muscisaxicola_maclovianus,Bosque_Nativo,-122.57747431776845,NA,2800,NA,11.874383914720811
Myiopsitta_monachus,(Intercept),-26.442153847673097,NA,2800,NA,10.37630908211096
Myiopsitta_monachus,Humedales,93.83014463902386,NA,2800,NA,10.37630908211096
Nycticorax_nycticorax,(Intercept),-3.5572050692691977,NA,2800,NA,13.503252284840817
Passer_domesticus,(Intercept),0.28264851218652476,NA,2800,NA,39.69911598756634
Passer_domesticus,Oceano,-0.06174693146016417,NA,2800,NA,39.69911598756634
Pelecanus_thagus,(Intercept),202.9293234890048,NA,2800,NA,95.68348677315946
Pelecanus_thagus,Matorrales,-4.695399458073386,NA,2800,NA,95.68348677315946
Pelecanus_thagus,Sup_impermeables,-4.3306898820509865,NA,2800,NA,95.68348677315946
Phalacrocorax_bougainvillii,(Intercept),-27.125443238865163,NA,2800,NA,12.26355203887827
Phalacrocorax_bougainvillii,Rocas,69.5411362090679,NA,2800,NA,12.26355203887827
Phalacrocorax_brasilianus,(Intercept),100.69268406686068,NA,2800,NA,83.96598033819913
Phalacrocorax_brasilianus,Bosque_Nativo,14.273575391126414,NA,2800,NA,83.96598033819913
Phalacrocorax_brasilianus,Matorrales,-3.671470612047225,NA,2800,NA,83.96598033819913
Phalacrocorax_brasilianus,Sup_impermeables,-3.207890991362445,NA,2800,NA,83.96598033819913
Phalacrocorax_brasilianus,Suelo_arenoso,28.305102309196496,NA,2800,NA,83.96598033819913
Phalacrocorax_gaimardi,(Intercept),126.70056240854247,NA,2800,NA,11.191091478204969
Phalacrocorax_gaimardi,Pastizales,-60.269401793164675,NA,2800,NA,11.191091478204969
Phytotoma_rara,(Intercept),-13.207349207480288,NA,2800,NA,18.747908073458895
Phytotoma_rara,Pastizales,25.032480627667567,NA,2800,NA,18.747908073458895
Phytotoma_rara,Matorrales,-1.4982743227624302,NA,2800,NA,18.747908073458895
Phytotoma_rara,Grava,-103.89415671459165,NA,2800,NA,18.747908073458895
Podiceps_occipitalis,(Intercept),10.904206799199562,NA,2800,NA,61.040018650272465
Podiceps_occipitalis,Bosque_Nativo,4.056283907119294,NA,2800,NA,61.040018650272465
Podiceps_occipitalis,Pastizales,-11.925145285922989,NA,2800,NA,61.040018650272465
Podiceps_occipitalis,Humedales,86.7640935574329,NA,2800,NA,61.040018650272465
Podiceps_occipitalis,Suelo_arenoso,36.042895739939034,NA,2800,NA,61.040018650272465
Podiceps_occipitalis,Rocas,-41.61659313210225,NA,2800,NA,61.040018650272465
Podiceps_occipitalis,Grava,-39.80868459761407,NA,2800,NA,61.040018650272465
Pygochelidon_cyanoleuca,(Intercept),-60.566799940885744,NA,2800,NA,13.143119075188217
Pygochelidon_cyanoleuca,Bosque_Nativo,7.927447676524987,NA,2800,NA,13.143119075188217
Pygochelidon_cyanoleuca,Humedales,128.28142473035567,NA,2800,NA,13.143119075188217
Sephanoides_sephaniodes,(Intercept),0.6552662028942086,NA,2800,NA,134.50389142485886
Spinus_barbatus,(Intercept),-2.9411739758971613,NA,2800,NA,12.000071057993212
Spinus_barbatus,Matorrales,26.8067450902316,NA,2800,NA,12.000071057993212
Spinus_barbatus,Oceano,-37.832625907804996,NA,2800,NA,12.000071057993212
Stercorarius_chilensis,(Intercept),28.970252517784623,NA,2800,NA,9.290875442923353
Stercorarius_chilensis,Sup_impermeables,-3.761994556704516,NA,2800,NA,9.290875442923353
Sturnella_loyca,(Intercept),-198.71886705662936,NA,2800,NA,20.892825867414675
Sturnella_loyca,Bosque_Nativo,15.190224779878237,NA,2800,NA,20.892825867414675
Sturnella_loyca,Pastizales,16.890860440057768,NA,2800,NA,20.892825867414675
Sturnella_loyca,Oceano,1.9496982605285504,NA,2800,NA,20.892825867414675
Sula_variegata,(Intercept),42.93196341360801,NA,2800,NA,56.268727209909926
Sula_variegata,Pastizales,-65.7861099675085,NA,2800,NA,56.268727209909926
Sula_variegata,Oceano,3.3985562501208615,NA,2800,NA,56.268727209909926
Tachycineta_meyeni,(Intercept),-71.46642059178302,NA,2800,NA,67.14380316784963
Tachycineta_meyeni,Bosque_Nativo,35.02852874796857,NA,2800,NA,67.14380316784963
Tachycineta_meyeni,Pastizales,-18.518511551856317,NA,2800,NA,67.14380316784963
Tachycineta_meyeni,Sup_impermeables,3.9751455817030603,NA,2800,NA,67.14380316784963
Tachycineta_meyeni,Suelo_arenoso,-48.20285910035117,NA,2800,NA,67.14380316784963
Tachycineta_meyeni,Grava,92.38996028638375,NA,2800,NA,67.14380316784963
Troglodytes_aedon,(Intercept),-2.8812554449334993,NA,2800,NA,77.84197035620234
Troglodytes_aedon,Pastizales,0.49824630264124986,NA,2800,NA,77.84197035620234
Turdus_falcklandii,(Intercept),3.511646418568614,NA,2800,NA,111.82219850000796
Turdus_falcklandii,Oceano,-0.08068298582358448,NA,2800,NA,111.82219850000796
Vanellus_chilensis,(Intercept),-0.3667240352351598,NA,2800,NA,96.18360423239828
Xolmis_pyrope,(Intercept),47.68943535206349,NA,2800,NA,17.95692037580669
Xolmis_pyrope,Bosque_Nativo,-25.76130717527971,NA,2800,NA,17.95692037580669
Xolmis_pyrope,Oceano,-0.9976676793458809,NA,2800,NA,17.95692037580669
Zenaida_auriculata,(Intercept),-66.68889224133959,NA,2800,NA,69.24810720751529
Zenaida_auriculata,Bosque_Nativo,-34.60592453853834,NA,2800,NA,69.24810720751529
Zenaida_auriculata,Pastizales,11.969985566100195,NA,2800,NA,69.24810720751529
Zenaida_auriculata,Matorrales,2.8738597987622163,NA,2800,NA,69.24810720751529
Zonotrichia_capensis,(Intercept),34.960919759622925,NA,2800,NA,78.6580875226344
Zonotrichia_capensis,Bosque_Nativo,19.8120028221364,NA,2800,NA,78.6580875226344
Zonotrichia_capensis,Pastizales,-5.6102723142903175,NA,2800,NA,78.6580875226344
Zonotrichia_capensis,Humedales,-69.94098910840653,NA,2800,NA,78.6580875226344
Cathartes_aura,(Intercept),-37.44934697912741,NA,3300,NA,14.427354985530183
Cathartes_aura,Rocas,-125.13284557915348,NA,3300,NA,14.427354985530183
Cathartes_aura,Grava,54.306579643953825,NA,3300,NA,14.427354985530183
Cinclodes_nigrofumosus,(Intercept),-1.460150044350375,NA,3300,NA,54.98137119734257
Cinclodes_oustaleti,(Intercept),-1.765918380470702,NA,3300,NA,52.03805454270763
Cinclodes_patagonicus,(Intercept),-1.009249503530031,NA,3300,NA,49.5872554674661
Columba_livia,(Intercept),-1.62235305150654,NA,3300,NA,117.60570272566206
Columba_livia,Pastizales,0.8694045654138062,NA,3300,NA,117.60570272566206
Coragyps_atratus,(Intercept),50.509134610650015,NA,3300,NA,48.223579619513174
Coragyps_atratus,Bosque_Nativo,95.17954585264137,NA,3300,NA,48.223579619513174
Coragyps_atratus,Pastizales,-94.02652748700659,NA,3300,NA,48.223579619513174
Coragyps_atratus,Sup_impermeables,10.151927313844782,NA,3300,NA,48.223579619513174
Curaeus_curaeus,(Intercept),165.44184358496193,NA,3300,NA,20.306682563009126
Curaeus_curaeus,Oceano,-3.796020015187246,NA,3300,NA,20.306682563009126
Diuca_diuca,(Intercept),-49.30160029049937,NA,3300,NA,9.377179217258018
Diuca_diuca,Grava,46.08583856396984,NA,3300,NA,9.377179217258018
Egretta_thula,(Intercept),-6.828391846430143,NA,3300,NA,24.446716246515606
Egretta_thula,Humedales,18.81757406149968,NA,3300,NA,24.446716246515606
Fulica_armillata,(Intercept),27.31957418443539,NA,3300,NA,6.750000000468128
Fulica_armillata,Sup_impermeables,-4.711117529150552,NA,3300,NA,6.750000000468128
Geranoaetus_polyosoma,(Intercept),26.514027709884836,NA,3300,NA,9.342916540053885
Geranoaetus_polyosoma,Grava,-35.35888679507125,NA,3300,NA,9.342916540053885
Haematopus_ater,(Intercept),-3.299977949125505,NA,3300,NA,40.46964558581055
Haematopus_ater,Bosque_Nativo,1.3500567364545515,NA,3300,NA,40.46964558581055
Haematopus_palliatus,(Intercept),13.337238441110916,NA,3300,NA,55.57707541437516
Haematopus_palliatus,Matorrales,-1.8749752053337128,NA,3300,NA,55.57707541437516
Haematopus_palliatus,Sup_impermeables,-3.5606908756392457,NA,3300,NA,55.57707541437516
Haematopus_palliatus,Suelo_arenoso,64.47418902822452,NA,3300,NA,55.57707541437516
Himantopus_mexicanus,(Intercept),-88.25937000887612,NA,3300,NA,12.320256224611262
Himantopus_mexicanus,Pastizales,12.478069900895132,NA,3300,NA,12.320256224611262
Larosterna_inca,(Intercept),22.729544218470128,NA,3300,NA,48.52083404304993
Larosterna_inca,Matorrales,-1.570805794339812,NA,3300,NA,48.52083404304993
Larosterna_inca,Humedales,102.20589761869412,NA,3300,NA,48.52083404304993
Larosterna_inca,Sup_impermeables,-3.172993114233742,NA,3300,NA,48.52083404304993
Larosterna_inca,Suelo_arenoso,26.120184364577288,NA,3300,NA,48.52083404304993
Larus_dominicanus,(Intercept),2289.330905425609,NA,3300,NA,6.75
Lessonia_rufa,(Intercept),-5.240861610763932,NA,3300,NA,18.840131743515148
Lessonia_rufa,Pastizales,6.3949788502950025,NA,3300,NA,18.840131743515148
Lessonia_rufa,Sup_impermeables,-2.1432971325646215,NA,3300,NA,18.840131743515148
Leucophaeus_modestus,(Intercept),1.1170638468131184,NA,3300,NA,107.08134551735526
Leucophaeus_modestus,Bosque_Nativo,2.2900544704423753,NA,3300,NA,107.08134551735526
Leucophaeus_modestus,Pastizales,-0.8974599589086982,NA,3300,NA,107.08134551735526
Leucophaeus_pipixcan,(Intercept),25.86786180005817,NA,3300,NA,16.26744656426757
Leucophaeus_pipixcan,Rocas,-244.2103858484887,NA,3300,NA,16.26744656426757
Milvago_chimango,(Intercept),22.506434266965705,NA,3300,NA,95.61326788870868
Milvago_chimango,Sup_impermeables,1.1837352748527952,NA,3300,NA,95.61326788870868
Milvago_chimango,Rocas,-164.18764145756253,NA,3300,NA,95.61326788870868
Mimus_thenca,(Intercept),-87.76834627920508,NA,3300,NA,36.48397522028216
Mimus_thenca,Bosque_Nativo,52.915564765600145,NA,3300,NA,36.48397522028216
Mimus_thenca,Matorrales,-1.900621589965846,NA,3300,NA,36.48397522028216
Mimus_thenca,Sup_impermeables,2.403849724946066,NA,3300,NA,36.48397522028216
Molothrus_bonariensis,(Intercept),-93.74534329201597,NA,3300,NA,16.129302397670028
Molothrus_bonariensis,Bosque_Nativo,15.766919752702739,NA,3300,NA,16.129302397670028
Molothrus_bonariensis,Grava,74.03021479404113,NA,3300,NA,16.129302397670028
Muscisaxicola_maclovianus,(Intercept),10.401289526236036,NA,3300,NA,12.301249427843585
Muscisaxicola_maclovianus,Matorrales,-4.207513484456419,NA,3300,NA,12.301249427843585
Muscisaxicola_maclovianus,Humedales,238.15222645895327,NA,3300,NA,12.301249427843585
Myiopsitta_monachus,(Intercept),-22.829795515359894,NA,3300,NA,9.364631691726473
Myiopsitta_monachus,Humedales,87.40577737044087,NA,3300,NA,9.364631691726473
Nycticorax_nycticorax,(Intercept),-464.03386777348464,NA,3300,NA,11.29859861912991
Nycticorax_nycticorax,Matorrales,6.541633582989256,NA,3300,NA,11.29859861912991
Nycticorax_nycticorax,Oceano,5.551496789748395,NA,3300,NA,11.29859861912991
Passer_domesticus,(Intercept),0.22100313663605256,NA,3300,NA,40.159631612232104
Passer_domesticus,Oceano,-0.05816959244170917,NA,3300,NA,40.159631612232104
Pelecanus_thagus,(Intercept),-197.56729456558716,NA,3300,NA,99.06362620251552
Pelecanus_thagus,Pastizales,9.265699782687868,NA,3300,NA,99.06362620251552
Pelecanus_thagus,Matorrales,0.35753104051907,NA,3300,NA,99.06362620251552
Pelecanus_thagus,Oceano,3.631704020423403,NA,3300,NA,99.06362620251552
Phalacrocorax_bougainvillii,(Intercept),-56.70676846857998,NA,3300,NA,12.151635398770818
Phalacrocorax_bougainvillii,Rocas,183.49881986323302,NA,3300,NA,12.151635398770818
Phalacrocorax_brasilianus,(Intercept),52.248850148906534,NA,3300,NA,85.43106653767221
Phalacrocorax_brasilianus,Matorrales,-1.1975333850893457,NA,3300,NA,85.43106653767221
Phalacrocorax_brasilianus,Sup_impermeables,-2.8195065183632044,NA,3300,NA,85.43106653767221
Phalacrocorax_brasilianus,Suelo_arenoso,50.71182754872709,NA,3300,NA,85.43106653767221
Phalacrocorax_brasilianus,Grava,-44.99130214168398,NA,3300,NA,85.43106653767221
Phalacrocorax_gaimardi,(Intercept),67.09684039990026,NA,3300,NA,10.745039321768957
Phalacrocorax_gaimardi,Pastizales,-35.395115343102304,NA,3300,NA,10.745039321768957
Phytotoma_rara,(Intercept),105.46061357307208,NA,3300,NA,17.848711217308576
Phytotoma_rara,Oceano,-1.147579561341257,NA,3300,NA,17.848711217308576
Phytotoma_rara,Grava,-90.67009859180654,NA,3300,NA,17.848711217308576
Podiceps_occipitalis,(Intercept),-7.876204777604849,NA,3300,NA,62.82516351073495
Podiceps_occipitalis,Bosque_Nativo,15.180524382580304,NA,3300,NA,62.82516351073495
Podiceps_occipitalis,Pastizales,-7.608793260763332,NA,3300,NA,62.82516351073495
Podiceps_occipitalis,Humedales,32.85479350914146,NA,3300,NA,62.82516351073495
Podiceps_occipitalis,Suelo_arenoso,21.190365993062155,NA,3300,NA,62.82516351073495
Podiceps_occipitalis,Rocas,-79.65654788585898,NA,3300,NA,62.82516351073495
Pygochelidon_cyanoleuca,(Intercept),-88.25937000887612,NA,3300,NA,12.320256224611262
Pygochelidon_cyanoleuca,Pastizales,12.478069900895132,NA,3300,NA,12.320256224611262
Sephanoides_sephaniodes,(Intercept),-6.0269419514858615,NA,3300,NA,132.2150230263991
Sephanoides_sephaniodes,Bosque_Nativo,-21.588771868467514,NA,3300,NA,132.2150230263991
Sephanoides_sephaniodes,Pastizales,5.465007367394653,NA,3300,NA,132.2150230263991
Sephanoides_sephaniodes,Humedales,49.67092912443373,NA,3300,NA,132.2150230263991
Sephanoides_sephaniodes,Rocas,119.24959503208096,NA,3300,NA,132.2150230263991
Sephanoides_sephaniodes,Grava,-29.129585876062734,NA,3300,NA,132.2150230263991
Spinus_barbatus,(Intercept),-244.629576133008,NA,3300,NA,9.431410238425931
Spinus_barbatus,Pastizales,36.02560453662578,NA,3300,NA,9.431410238425931
Stercorarius_chilensis,(Intercept),-34.64524301506023,NA,3300,NA,9.290602934301967
Stercorarius_chilensis,Bosque_Nativo,10.589439384478881,NA,3300,NA,9.290602934301967
Sturnella_loyca,(Intercept),-12.313485616431935,NA,3300,NA,24.485642652025874
Sturnella_loyca,Pastizales,11.869227609126957,NA,3300,NA,24.485642652025874
Sturnella_loyca,Sup_impermeables,2.9834259452481477,NA,3300,NA,24.485642652025874
Sturnella_loyca,Suelo_arenoso,-83.16090393675513,NA,3300,NA,24.485642652025874
Sula_variegata,(Intercept),-90.37808570057051,NA,3300,NA,56.314556368539435
Sula_variegata,Pastizales,-84.51355286644814,NA,3300,NA,56.314556368539435
Sula_variegata,Oceano,7.205716332496401,NA,3300,NA,56.314556368539435
Tachycineta_meyeni,(Intercept),0.9570661428307877,NA,3300,NA,71.91616583301672
Tachycineta_meyeni,Pastizales,-0.5727015307204574,NA,3300,NA,71.91616583301672
Troglodytes_aedon,(Intercept),-2.7262772799090085,NA,3300,NA,78.05039098858579
Troglodytes_aedon,Pastizales,0.4539511264743797,NA,3300,NA,78.05039098858579
Turdus_falcklandii,(Intercept),-67.6965550543906,NA,3300,NA,107.02882775386793
Turdus_falcklandii,Bosque_Nativo,48.2263477164471,NA,3300,NA,107.02882775386793
Turdus_falcklandii,Sup_impermeables,6.892649804130623,NA,3300,NA,107.02882775386793
Turdus_falcklandii,Suelo_arenoso,-156.92264620562105,NA,3300,NA,107.02882775386793
Turdus_falcklandii,Grava,139.35343775766,NA,3300,NA,107.02882775386793
Vanellus_chilensis,(Intercept),1.3028792682666246,NA,3300,NA,96.02799934649639
Vanellus_chilensis,Rocas,-7.944003065188872,NA,3300,NA,96.02799934649639
Xolmis_pyrope,(Intercept),-34.33331082256067,NA,3300,NA,17.301895467771473
Xolmis_pyrope,Grava,32.69362617911008,NA,3300,NA,17.301895467771473
Zenaida_auriculata,(Intercept),244.1042042132022,NA,3300,NA,71.18300269130478
Zenaida_auriculata,Bosque_Nativo,-31.105905537450848,NA,3300,NA,71.18300269130478
Zenaida_auriculata,Pastizales,7.148744665825004,NA,3300,NA,71.18300269130478
Zenaida_auriculata,Oceano,-2.7666092209875024,NA,3300,NA,71.18300269130478
Zenaida_auriculata,Suelo_arenoso,-77.65813685732692,NA,3300,NA,71.18300269130478
Zonotrichia_capensis,(Intercept),33.62561173638501,NA,3300,NA,77.8276581213749
Zonotrichia_capensis,Bosque_Nativo,24.855525347030472,NA,3300,NA,77.8276581213749
Zonotrichia_capensis,Pastizales,-7.366952357065757,NA,3300,NA,77.8276581213749
Zonotrichia_capensis,Humedales,-80.08968689491151,NA,3300,NA,77.8276581213749
Cathartes_aura,(Intercept),56.688824847797974,NA,3900,NA,14.897776943738384
Cathartes_aura,Pastizales,-20.64846777094967,NA,3900,NA,14.897776943738384
Cinclodes_nigrofumosus,(Intercept),-1.460150044350375,NA,3900,NA,54.98137119734257
Cinclodes_oustaleti,(Intercept),-1.765918380470702,NA,3900,NA,52.03805454270763
Cinclodes_patagonicus,(Intercept),-1.009249503530031,NA,3900,NA,49.5872554674661
Columba_livia,(Intercept),-1.5219578496271668,NA,3900,NA,117.09325247427894
Columba_livia,Pastizales,0.8157630294526829,NA,3900,NA,117.09325247427894
Coragyps_atratus,(Intercept),9.600788549516247,NA,3900,NA,47.55245972176643
Coragyps_atratus,Matorrales,1.3676048051354142,NA,3900,NA,47.55245972176643
Coragyps_atratus,Sup_impermeables,2.275671130226354,NA,3900,NA,47.55245972176643
Coragyps_atratus,Suelo_arenoso,-61.64255445527543,NA,3900,NA,47.55245972176643
Curaeus_curaeus,(Intercept),-125.89030764274388,NA,3900,NA,20.522136487181363
Curaeus_curaeus,Sup_impermeables,9.133197227807894,NA,3900,NA,20.522136487181363
Diuca_diuca,(Intercept),-23.376915252252964,NA,3900,NA,9.702281709541207
Diuca_diuca,Humedales,98.47592894970137,NA,3900,NA,9.702281709541207
Egretta_thula,(Intercept),-231.88643436935612,NA,3900,NA,19.83931055848158
Egretta_thula,Suelo_arenoso,-25.00991071356293,NA,3900,NA,19.83931055848158
Egretta_thula,Rocas,143.7066548105481,NA,3900,NA,19.83931055848158
Egretta_thula,Grava,236.1913391667815,NA,3900,NA,19.83931055848158
Fulica_armillata,(Intercept),21.883713814512017,NA,3900,NA,6.750000049566909
Fulica_armillata,Sup_impermeables,-3.827010597485605,NA,3900,NA,6.750000049566909
Geranoaetus_polyosoma,(Intercept),62.583964805859225,NA,3900,NA,9.333025480867322
Geranoaetus_polyosoma,Suelo_arenoso,-74.82904364056417,NA,3900,NA,9.333025480867322
Haematopus_ater,(Intercept),48.24043199079777,NA,3900,NA,41.230494380974314
Haematopus_ater,Oceano,-1.0807262589639874,NA,3900,NA,41.230494380974314
Haematopus_palliatus,(Intercept),33.7204947019567,NA,3900,NA,55.83045664750443
Haematopus_palliatus,Pastizales,15.38010037298514,NA,3900,NA,55.83045664750443
Haematopus_palliatus,Suelo_arenoso,-52.57224485326506,NA,3900,NA,55.83045664750443
Haematopus_palliatus,Rocas,-74.04297303419216,NA,3900,NA,55.83045664750443
Himantopus_mexicanus,(Intercept),-27.79904663377802,NA,3900,NA,12.152915514532072
Himantopus_mexicanus,Pastizales,3.5157332877458343,NA,3900,NA,12.152915514532072
Larosterna_inca,(Intercept),17.38334988568308,NA,3900,NA,51.92328278604283
Larosterna_inca,Bosque_Nativo,-42.597043704220305,NA,3900,NA,51.92328278604283
Larosterna_inca,Sup_impermeables,-7.79975298553093,NA,3900,NA,51.92328278604283
Larosterna_inca,Suelo_arenoso,94.46893001961385,NA,3900,NA,51.92328278604283
Larus_dominicanus,(Intercept),2289.330905425609,NA,3900,NA,6.75
Lessonia_rufa,(Intercept),1.0833882365673018,NA,3900,NA,18.840281908360666
Lessonia_rufa,Pastizales,6.307015086950504,NA,3900,NA,18.840281908360666
Lessonia_rufa,Sup_impermeables,-3.571124564708893,NA,3900,NA,18.840281908360666
Leucophaeus_modestus,(Intercept),-0.25285813282195896,NA,3900,NA,111.26061557808538
Leucophaeus_pipixcan,(Intercept),-5.639795186059008,NA,3900,NA,18.013376394318094
Leucophaeus_pipixcan,Oceano,1.4169028667306658,NA,3900,NA,18.013376394318094
Leucophaeus_pipixcan,Grava,-122.25217188869593,NA,3900,NA,18.013376394318094
Milvago_chimango,(Intercept),120.31407699962874,NA,3900,NA,99.48710946057112
Milvago_chimango,Matorrales,-1.9078544073129213,NA,3900,NA,99.48710946057112
Milvago_chimango,Humedales,84.31093984670416,NA,3900,NA,99.48710946057112
Milvago_chimango,Oceano,-1.2324372016418106,NA,3900,NA,99.48710946057112
Milvago_chimango,Suelo_arenoso,-21.715465179958283,NA,3900,NA,99.48710946057112
Mimus_thenca,(Intercept),-23.687501960759757,NA,3900,NA,35.1908053386636
Mimus_thenca,Bosque_Nativo,12.943063033702295,NA,3900,NA,35.1908053386636
Mimus_thenca,Sup_impermeables,4.513377345576585,NA,3900,NA,35.1908053386636
Mimus_thenca,Suelo_arenoso,-82.78321507362209,NA,3900,NA,35.1908053386636
Mimus_thenca,Rocas,111.97444797501656,NA,3900,NA,35.1908053386636
Molothrus_bonariensis,(Intercept),-19.989050984033813,NA,3900,NA,20.11359803386219
Molothrus_bonariensis,Pastizales,2.6739376950167673,NA,3900,NA,20.11359803386219
Molothrus_bonariensis,Humedales,38.080522234571,NA,3900,NA,20.11359803386219
Muscisaxicola_maclovianus,(Intercept),15.980025346341867,NA,3900,NA,13.477258342451272
Muscisaxicola_maclovianus,Bosque_Nativo,-269.651181105457,NA,3900,NA,13.477258342451272
Muscisaxicola_maclovianus,Humedales,86.29621324393484,NA,3900,NA,13.477258342451272
Myiopsitta_monachus,(Intercept),-15.109302015039741,NA,3900,NA,9.808156165927262
Myiopsitta_monachus,Humedales,63.3775612478303,NA,3900,NA,9.808156165927262
Nycticorax_nycticorax,(Intercept),-88.60493156248674,NA,3900,NA,8.021995019781905
Nycticorax_nycticorax,Rocas,277.00554136044803,NA,3900,NA,8.021995019781905
Passer_domesticus,(Intercept),-4.140738235310984,NA,3900,NA,40.10844369670328
Passer_domesticus,Pastizales,0.4533048309979128,NA,3900,NA,40.10844369670328
Pelecanus_thagus,(Intercept),-48.41526928318083,NA,3900,NA,108.7337053957355
Pelecanus_thagus,Matorrales,0.5397135452473861,NA,3900,NA,108.7337053957355
Pelecanus_thagus,Oceano,0.5956834508219233,NA,3900,NA,108.7337053957355
Pelecanus_thagus,Suelo_arenoso,14.919397391496979,NA,3900,NA,108.7337053957355
Pelecanus_thagus,Grava,-14.448822567711607,NA,3900,NA,108.7337053957355
Phalacrocorax_bougainvillii,(Intercept),-44.269608097471796,NA,3900,NA,14.914525616977459
Phalacrocorax_bougainvillii,Pastizales,25.59757349797417,NA,3900,NA,14.914525616977459
Phalacrocorax_bougainvillii,Grava,-121.18298563635011,NA,3900,NA,14.914525616977459
Phalacrocorax_brasilianus,(Intercept),-9.577253665733275,NA,3900,NA,99.84373736934054
Phalacrocorax_brasilianus,Bosque_Nativo,5.119878431627583,NA,3900,NA,99.84373736934054
Phalacrocorax_brasilianus,Oceano,0.3087092426294567,NA,3900,NA,99.84373736934054
Phalacrocorax_brasilianus,Rocas,-40.272310988211615,NA,3900,NA,99.84373736934054
Phalacrocorax_gaimardi,(Intercept),40.16950103469135,NA,3900,NA,12.129036530162598
Phalacrocorax_gaimardi,Pastizales,-23.148481338126924,NA,3900,NA,12.129036530162598
Phytotoma_rara,(Intercept),-45.50746076489797,NA,3900,NA,19.007745991534343
Phytotoma_rara,Pastizales,7.981929882742513,NA,3900,NA,19.007745991534343
Phytotoma_rara,Sup_impermeables,2.6411365138029024,NA,3900,NA,19.007745991534343
Phytotoma_rara,Grava,-100.17105805785465,NA,3900,NA,19.007745991534343
Podiceps_occipitalis,(Intercept),-0.8044167302013392,NA,3900,NA,75.08812633052196
Pygochelidon_cyanoleuca,(Intercept),-27.79904663377802,NA,3900,NA,12.152915514532072
Pygochelidon_cyanoleuca,Pastizales,3.5157332877458343,NA,3900,NA,12.152915514532072
Sephanoides_sephaniodes,(Intercept),0.6552662028942086,NA,3900,NA,134.50389142485886
Spinus_barbatus,(Intercept),-139.91462494126125,NA,3900,NA,9.83500998307189
Spinus_barbatus,Pastizales,22.239199928294312,NA,3900,NA,9.83500998307189
Stercorarius_chilensis,(Intercept),20.890225222548267,NA,3900,NA,9.296538554129349
Stercorarius_chilensis,Grava,-42.49769736460404,NA,3900,NA,9.296538554129349
Sturnella_loyca,(Intercept),2.244773396837016,NA,3900,NA,21.041142679615803
Sturnella_loyca,Sup_impermeables,4.577752022285155,NA,3900,NA,21.041142679615803
Sturnella_loyca,Suelo_arenoso,-127.77202072478705,NA,3900,NA,21.041142679615803
Sturnella_loyca,Grava,71.43146819953955,NA,3900,NA,21.041142679615803
Sula_variegata,(Intercept),4.690350188750791,NA,3900,NA,59.67901544312191
Sula_variegata,Pastizales,-24.48179384113769,NA,3900,NA,59.67901544312191
Sula_variegata,Oceano,0.4534211133032876,NA,3900,NA,59.67901544312191
Sula_variegata,Suelo_arenoso,39.18544969926121,NA,3900,NA,59.67901544312191
Tachycineta_meyeni,(Intercept),1.7237859270469285,NA,3900,NA,71.37232801414845
Tachycineta_meyeni,Suelo_arenoso,-2.17521575957234,NA,3900,NA,71.37232801414845
Troglodytes_aedon,(Intercept),-3.0287935828809274,NA,3900,NA,76.99821466367075
Troglodytes_aedon,Pastizales,0.5011573609119613,NA,3900,NA,76.99821466367075
Turdus_falcklandii,(Intercept),-3.385412940119555,NA,3900,NA,111.97249943186796
Turdus_falcklandii,Rocas,16.8987141125673,NA,3900,NA,111.97249943186796
Vanellus_chilensis,(Intercept),1.656871093711252,NA,3900,NA,95.41624179710766
Vanellus_chilensis,Rocas,-10.459415268171814,NA,3900,NA,95.41624179710766
Xolmis_pyrope,(Intercept),-125.89186557566315,NA,3900,NA,17.845315097209664
Xolmis_pyrope,Grava,148.124701843246,NA,3900,NA,17.845315097209664
Zenaida_auriculata,(Intercept),35.53226410722091,NA,3900,NA,75.13084064897905
Zenaida_auriculata,Matorrales,2.9921019079782574,NA,3900,NA,75.13084064897905
Zenaida_auriculata,Sup_impermeables,-0.6918451748753985,NA,3900,NA,75.13084064897905
Zenaida_auriculata,Grava,-93.22245813564665,NA,3900,NA,75.13084064897905
Zonotrichia_capensis,(Intercept),47.32188661128364,NA,3900,NA,78.68100132253817
Zonotrichia_capensis,Grava,-46.40757410529373,NA,3900,NA,78.68100132253817
Cathartes_aura,(Intercept),49.564944600882384,NA,4400,NA,15.486418147692117
Cathartes_aura,Pastizales,-16.856686916524804,NA,4400,NA,15.486418147692117
Cinclodes_nigrofumosus,(Intercept),-1.460150044350375,NA,4400,NA,54.98137119734257
Cinclodes_oustaleti,(Intercept),-1.765918380470702,NA,4400,NA,52.03805454270763
Cinclodes_patagonicus,(Intercept),-1.009249503530031,NA,4400,NA,49.5872554674661
Columba_livia,(Intercept),19.900697611758893,NA,4400,NA,115.62081644878069
Columba_livia,Oceano,-0.2111719217367898,NA,4400,NA,115.62081644878069
Columba_livia,Rocas,-39.33886946446931,NA,4400,NA,115.62081644878069
Coragyps_atratus,(Intercept),0.869970162318008,NA,4400,NA,45.845561075995406
Coragyps_atratus,Bosque_Nativo,-20.226990318479434,NA,4400,NA,45.845561075995406
Coragyps_atratus,Rocas,266.63004900442263,NA,4400,NA,45.845561075995406
Coragyps_atratus,Grava,-48.54460615075482,NA,4400,NA,45.845561075995406
Curaeus_curaeus,(Intercept),-171.0248638016551,NA,4400,NA,20.954180765981313
Curaeus_curaeus,Pastizales,49.100731112728496,NA,4400,NA,20.954180765981313
Diuca_diuca,(Intercept),-132.20854574868423,NA,4400,NA,9.415393935587556
Diuca_diuca,Oceano,2.8602077457356154,NA,4400,NA,9.415393935587556
Egretta_thula,(Intercept),-23.184074525831427,NA,4400,NA,22.241901718110263
Egretta_thula,Grava,24.707363890226848,NA,4400,NA,22.241901718110263
Fulica_armillata,(Intercept),21.43443622054423,NA,4400,NA,6.750000035239615
Fulica_armillata,Sup_impermeables,-4.0755662859238395,NA,4400,NA,6.750000035239615
Geranoaetus_polyosoma,(Intercept),48.12990549613552,NA,4400,NA,9.353109426312473
Geranoaetus_polyosoma,Matorrales,-4.82906571461418,NA,4400,NA,9.353109426312473
Haematopus_ater,(Intercept),-1.8866203866848306,NA,4400,NA,40.3516297125517
Haematopus_ater,Matorrales,0.26286803197939607,NA,4400,NA,40.3516297125517
Haematopus_ater,Rocas,-34.56578781691911,NA,4400,NA,40.3516297125517
Haematopus_palliatus,(Intercept),83.34794939260983,NA,4400,NA,56.11934277099055
Haematopus_palliatus,Suelo_arenoso,-53.15324792703013,NA,4400,NA,56.11934277099055
Himantopus_mexicanus,(Intercept),-56.073278489988,NA,4400,NA,10.599919508125208
Himantopus_mexicanus,Pastizales,6.736503720697116,NA,4400,NA,10.599919508125208
Larosterna_inca,(Intercept),159.80053704740715,NA,4400,NA,56.45376159458786
Larosterna_inca,Matorrales,-2.0687205050954622,NA,4400,NA,56.45376159458786
Larosterna_inca,Sup_impermeables,-8.463847113998947,NA,4400,NA,56.45376159458786
Larus_dominicanus,(Intercept),2289.330905425609,NA,4400,NA,6.75
Lessonia_rufa,(Intercept),-57.19838252344452,NA,4400,NA,18.771996907328973
Lessonia_rufa,Matorrales,1.7307004541168816,NA,4400,NA,18.771996907328973
Leucophaeus_modestus,(Intercept),-0.25285813282195896,NA,4400,NA,111.26061557808538
Leucophaeus_pipixcan,(Intercept),10.613914236098577,NA,4400,NA,17.956890502486278
Leucophaeus_pipixcan,Rocas,-100.94216954906679,NA,4400,NA,17.956890502486278
Milvago_chimango,(Intercept),99.42612784824796,NA,4400,NA,97.07455803942432
Milvago_chimango,Bosque_Nativo,-10.527746378273024,NA,4400,NA,97.07455803942432
Milvago_chimango,Humedales,73.69769678635343,NA,4400,NA,97.07455803942432
Milvago_chimango,Oceano,-0.8383356566414297,NA,4400,NA,97.07455803942432
Milvago_chimango,Grava,-74.06610076962924,NA,4400,NA,97.07455803942432
Mimus_thenca,(Intercept),-72.51305705029502,NA,4400,NA,35.889092261759345
Mimus_thenca,Bosque_Nativo,64.89305905108928,NA,4400,NA,35.889092261759345
Mimus_thenca,Sup_impermeables,5.505036127357744,NA,4400,NA,35.889092261759345
Mimus_thenca,Grava,-198.57493933129163,NA,4400,NA,35.889092261759345
Molothrus_bonariensis,(Intercept),-1.6807428722100397,NA,4400,NA,20.87652135361863
Muscisaxicola_maclovianus,(Intercept),224.86317970283707,NA,4400,NA,9.457272096125331
Muscisaxicola_maclovianus,Pastizales,-128.21175689264336,NA,4400,NA,9.457272096125331
Myiopsitta_monachus,(Intercept),-73.2066567948915,NA,4400,NA,9.625407087872581
Myiopsitta_monachus,Grava,83.09444226786054,NA,4400,NA,9.625407087872581
Nycticorax_nycticorax,(Intercept),-19.675320249869188,NA,4400,NA,13.157624887808296
Nycticorax_nycticorax,Rocas,66.62527611627705,NA,4400,NA,13.157624887808296
Passer_domesticus,(Intercept),-2.0738178704427552,NA,4400,NA,40.25451205578709
Pelecanus_thagus,(Intercept),-43.07791704828375,NA,4400,NA,110.9127447411055
Pelecanus_thagus,Matorrales,0.5405459314431176,NA,4400,NA,110.9127447411055
Pelecanus_thagus,Oceano,0.5389012206196013,NA,4400,NA,110.9127447411055
Pelecanus_thagus,Suelo_arenoso,14.786537562023417,NA,4400,NA,110.9127447411055
Pelecanus_thagus,Grava,-17.975395834950334,NA,4400,NA,110.9127447411055
Phalacrocorax_bougainvillii,(Intercept),-613.7195328025986,NA,4400,NA,12.659926658156454
Phalacrocorax_bougainvillii,Pastizales,108.86329107511489,NA,4400,NA,12.659926658156454
Phalacrocorax_brasilianus,(Intercept),-9.624979185554917,NA,4400,NA,105.60016172408349
Phalacrocorax_brasilianus,Pastizales,1.0436285669764584,NA,4400,NA,105.60016172408349
Phalacrocorax_brasilianus,Oceano,0.2767702792281642,NA,4400,NA,105.60016172408349
Phalacrocorax_brasilianus,Grava,-8.101524395480354,NA,4400,NA,105.60016172408349
Phalacrocorax_gaimardi,(Intercept),42.77082235362361,NA,4400,NA,13.16445932815735
Phalacrocorax_gaimardi,Pastizales,-22.543198209574747,NA,4400,NA,13.16445932815735
Phytotoma_rara,(Intercept),-135.19241318595354,NA,4400,NA,21.941215718096668
Phytotoma_rara,Bosque_Nativo,24.995616939254404,NA,4400,NA,21.941215718096668
Phytotoma_rara,Sup_impermeables,3.9678796000443586,NA,4400,NA,21.941215718096668
Podiceps_occipitalis,(Intercept),-0.8044167302013392,NA,4400,NA,75.08812633052196
Pygochelidon_cyanoleuca,(Intercept),-56.073278489988,NA,4400,NA,10.599919508125208
Pygochelidon_cyanoleuca,Pastizales,6.736503720697116,NA,4400,NA,10.599919508125208
Sephanoides_sephaniodes,(Intercept),0.6552662028942086,NA,4400,NA,134.50389142485886
Spinus_barbatus,(Intercept),-47.57879373973424,NA,4400,NA,13.893156517636637
Spinus_barbatus,Pastizales,19.248567014712624,NA,4400,NA,13.893156517636637
Spinus_barbatus,Grava,-107.45779365817921,NA,4400,NA,13.893156517636637
Stercorarius_chilensis,(Intercept),-40.96114548307852,NA,4400,NA,9.29038908274166
Stercorarius_chilensis,Bosque_Nativo,11.605926104614971,NA,4400,NA,9.29038908274166
Sturnella_loyca,(Intercept),2.598075251951163,NA,4400,NA,26.283781624322188
Sturnella_loyca,Sup_impermeables,0.6239614848796199,NA,4400,NA,26.283781624322188
Sturnella_loyca,Suelo_arenoso,-14.530203849958509,NA,4400,NA,26.283781624322188
Sula_variegata,(Intercept),25.048062615822232,NA,4400,NA,60.596791010205635
Sula_variegata,Pastizales,-29.66218963567492,NA,4400,NA,60.596791010205635
Sula_variegata,Oceano,0.13154940328078218,NA,4400,NA,60.596791010205635
Sula_variegata,Suelo_arenoso,57.94321091956271,NA,4400,NA,60.596791010205635
Tachycineta_meyeni,(Intercept),2.1415783217923363,NA,4400,NA,70.59548511013372
Tachycineta_meyeni,Suelo_arenoso,-2.6593053850091177,NA,4400,NA,70.59548511013372
Troglodytes_aedon,(Intercept),-3.0821893252791384,NA,4400,NA,77.14529792262566
Troglodytes_aedon,Pastizales,0.4971762348333752,NA,4400,NA,77.14529792262566
Turdus_falcklandii,(Intercept),-4.877964708646729,NA,4400,NA,110.27665471682784
Turdus_falcklandii,Rocas,24.37774753020359,NA,4400,NA,110.27665471682784
Vanellus_chilensis,(Intercept),2.7512552220046502,NA,4400,NA,93.20375098810241
Vanellus_chilensis,Rocas,-16.468817576213542,NA,4400,NA,93.20375098810241
Xolmis_pyrope,(Intercept),-46.0642437022578,NA,4400,NA,18.95045421739099
Xolmis_pyrope,Grava,58.90405751271831,NA,4400,NA,18.95045421739099
Zenaida_auriculata,(Intercept),-33.66148715424556,NA,4400,NA,74.9248556966211
Zenaida_auriculata,Bosque_Nativo,-21.611275877534656,NA,4400,NA,74.9248556966211
Zenaida_auriculata,Pastizales,51.182712450401134,NA,4400,NA,74.9248556966211
Zenaida_auriculata,Matorrales,-3.292581125615033,NA,4400,NA,74.9248556966211
Zenaida_auriculata,Sup_impermeables,-12.531351381025374,NA,4400,NA,74.9248556966211
Zenaida_auriculata,Suelo_arenoso,126.06192089106437,NA,4400,NA,74.9248556966211
Zonotrichia_capensis,(Intercept),2.8433767893083575,NA,4400,NA,83.30018781468189
Cathartes_aura,(Intercept),-46.95921170003027,NA,5000,NA,15.53525420557805
Cathartes_aura,Oceano,0.898382922601589,NA,5000,NA,15.53525420557805
Cinclodes_nigrofumosus,(Intercept),-1.460150044350375,NA,5000,NA,54.98137119734257
Cinclodes_oustaleti,(Intercept),-1.765918380470702,NA,5000,NA,52.03805454270763
Cinclodes_patagonicus,(Intercept),-1.009249503530031,NA,5000,NA,49.5872554674661
Columba_livia,(Intercept),42.974478038112665,NA,5000,NA,114.01799064419768
Columba_livia,Oceano,-0.35485604975431756,NA,5000,NA,114.01799064419768
Columba_livia,Suelo_arenoso,-8.043296989230857,NA,5000,NA,114.01799064419768
Columba_livia,Rocas,-70.99154516801838,NA,5000,NA,114.01799064419768
Coragyps_atratus,(Intercept),25.687910567073015,NA,5000,NA,47.847755976707255
Coragyps_atratus,Bosque_Nativo,85.90953434083227,NA,5000,NA,47.847755976707255
Coragyps_atratus,Pastizales,-30.32923099774242,NA,5000,NA,47.847755976707255
Curaeus_curaeus,(Intercept),-222.4681635091129,NA,5000,NA,20.832282624666142
Curaeus_curaeus,Pastizales,59.08611587471373,NA,5000,NA,20.832282624666142
Diuca_diuca,(Intercept),61.35926343668192,NA,5000,NA,9.327819952725093
Diuca_diuca,Sup_impermeables,-5.149889070595579,NA,5000,NA,9.327819952725093
Egretta_thula,(Intercept),-32.002159937081196,NA,5000,NA,22.48615088647078
Egretta_thula,Grava,37.18261502261795,NA,5000,NA,22.48615088647078
Fulica_armillata,(Intercept),21.02473257619881,NA,5000,NA,6.750000079562633
Fulica_armillata,Sup_impermeables,-4.4113916961651665,NA,5000,NA,6.750000079562633
Geranoaetus_polyosoma,(Intercept),63.69215551249481,NA,5000,NA,9.317014094654123
Geranoaetus_polyosoma,Rocas,-416.153892969432,NA,5000,NA,9.317014094654123
Haematopus_ater,(Intercept),83.91985025327673,NA,5000,NA,41.676529690641686
Haematopus_ater,Matorrales,2.166464379550788,NA,5000,NA,41.676529690641686
Haematopus_ater,Oceano,-3.249841647712543,NA,5000,NA,41.676529690641686
Haematopus_palliatus,(Intercept),0.42451189166412934,NA,5000,NA,57.374151492323676
Himantopus_mexicanus,(Intercept),-43.15463540656582,NA,5000,NA,10.652919766989378
Himantopus_mexicanus,Pastizales,5.260972176444822,NA,5000,NA,10.652919766989378
Larosterna_inca,(Intercept),-11.73704753460534,NA,5000,NA,58.62160167156101
Larosterna_inca,Sup_impermeables,-21.86746974514299,NA,5000,NA,58.62160167156101
Larosterna_inca,Oceano,5.428889961625012,NA,5000,NA,58.62160167156101
Larus_dominicanus,(Intercept),2289.330905425609,NA,5000,NA,6.75
Lessonia_rufa,(Intercept),8.477065273575196,NA,5000,NA,18.841437410062298
Lessonia_rufa,Pastizales,10.186789683294124,NA,5000,NA,18.841437410062298
Lessonia_rufa,Sup_impermeables,-9.365980503968334,NA,5000,NA,18.841437410062298
Leucophaeus_modestus,(Intercept),-0.25285813282195896,NA,5000,NA,111.26061557808538
Leucophaeus_pipixcan,(Intercept),14.636934872145405,NA,5000,NA,17.10355623726094
Leucophaeus_pipixcan,Rocas,-119.11309555065658,NA,5000,NA,17.10355623726094
Milvago_chimango,(Intercept),86.43251063458489,NA,5000,NA,97.00412256048645
Milvago_chimango,Bosque_Nativo,-8.181321446367052,NA,5000,NA,97.00412256048645
Milvago_chimango,Humedales,56.649050264133905,NA,5000,NA,97.00412256048645
Milvago_chimango,Oceano,-0.7353610617923954,NA,5000,NA,97.00412256048645
Milvago_chimango,Grava,-66.55207936313059,NA,5000,NA,97.00412256048645
Mimus_thenca,(Intercept),6.140598901751544,NA,5000,NA,36.42884365348534
Mimus_thenca,Bosque_Nativo,14.636068430393182,NA,5000,NA,36.42884365348534
Mimus_thenca,Suelo_arenoso,23.642250568757376,NA,5000,NA,36.42884365348534
Mimus_thenca,Grava,-94.14958686653004,NA,5000,NA,36.42884365348534
Molothrus_bonariensis,(Intercept),-44.305900519158165,NA,5000,NA,20.428957610764105
Molothrus_bonariensis,Humedales,132.26605089083256,NA,5000,NA,20.428957610764105
Molothrus_bonariensis,Sup_impermeables,1.3818359198882577,NA,5000,NA,20.428957610764105
Muscisaxicola_maclovianus,(Intercept),-37.64563468449253,NA,5000,NA,12.075139895470922
Muscisaxicola_maclovianus,Pastizales,-57.60804836854207,NA,5000,NA,12.075139895470922
Muscisaxicola_maclovianus,Suelo_arenoso,168.29848684911207,NA,5000,NA,12.075139895470922
Myiopsitta_monachus,(Intercept),-58.1218158538603,NA,5000,NA,9.529489772992571
Myiopsitta_monachus,Humedales,270.951942610225,NA,5000,NA,9.529489772992571
Nycticorax_nycticorax,(Intercept),-79.20825116531778,NA,5000,NA,11.802797740040262
Nycticorax_nycticorax,Pastizales,-10.194569037259923,NA,5000,NA,11.802797740040262
Nycticorax_nycticorax,Grava,139.0095642093605,NA,5000,NA,11.802797740040262
Passer_domesticus,(Intercept),40.13730734586277,NA,5000,NA,39.857695931880386
Passer_domesticus,Bosque_Nativo,-6.2126737810078145,NA,5000,NA,39.857695931880386
Passer_domesticus,Oceano,-0.5121162642624413,NA,5000,NA,39.857695931880386
Passer_domesticus,Suelo_arenoso,-9.168669248392703,NA,5000,NA,39.857695931880386
Pelecanus_thagus,(Intercept),-83.97788840679648,NA,5000,NA,109.502959766801
Pelecanus_thagus,Pastizales,4.12131041208457,NA,5000,NA,109.502959766801
Pelecanus_thagus,Humedales,-45.544781734005554,NA,5000,NA,109.502959766801
Pelecanus_thagus,Oceano,0.7626854756177187,NA,5000,NA,109.502959766801
Pelecanus_thagus,Grava,51.146319643524826,NA,5000,NA,109.502959766801
Phalacrocorax_bougainvillii,(Intercept),-158.13806912532652,NA,5000,NA,12.059772212314641
Phalacrocorax_bougainvillii,Pastizales,29.432774708805557,NA,5000,NA,12.059772212314641
Phalacrocorax_brasilianus,(Intercept),-154.69392264300217,NA,5000,NA,107.25110749676404
Phalacrocorax_brasilianus,Bosque_Nativo,10.449855832770941,NA,5000,NA,107.25110749676404
Phalacrocorax_brasilianus,Pastizales,5.817354599277921,NA,5000,NA,107.25110749676404
Phalacrocorax_brasilianus,Humedales,-71.67889270946502,NA,5000,NA,107.25110749676404
Phalacrocorax_brasilianus,Oceano,1.965121283267713,NA,5000,NA,107.25110749676404
Phalacrocorax_brasilianus,Suelo_arenoso,17.700463699027065,NA,5000,NA,107.25110749676404
Phalacrocorax_brasilianus,Rocas,85.1030594013723,NA,5000,NA,107.25110749676404
Phalacrocorax_gaimardi,(Intercept),46.647665482168804,NA,5000,NA,13.103102468454345
Phalacrocorax_gaimardi,Suelo_arenoso,-54.73027459214016,NA,5000,NA,13.103102468454345
Phytotoma_rara,(Intercept),8.852807848145284,NA,5000,NA,20.541575544822212
Phytotoma_rara,Sup_impermeables,6.0217282227364946,NA,5000,NA,20.541575544822212
Phytotoma_rara,Grava,-231.13636182608371,NA,5000,NA,20.541575544822212
Podiceps_occipitalis,(Intercept),-0.8044167302013392,NA,5000,NA,75.08812633052196
Pygochelidon_cyanoleuca,(Intercept),-43.15463540656582,NA,5000,NA,10.652919766989378
Pygochelidon_cyanoleuca,Pastizales,5.260972176444822,NA,5000,NA,10.652919766989378
Sephanoides_sephaniodes,(Intercept),0.6552662028942086,NA,5000,NA,134.50389142485886
Spinus_barbatus,(Intercept),-52.771755089218274,NA,5000,NA,15.116026127843122
Spinus_barbatus,Bosque_Nativo,-32.47055787407229,NA,5000,NA,15.116026127843122
Spinus_barbatus,Matorrales,6.444471898656481,NA,5000,NA,15.116026127843122
Spinus_barbatus,Grava,-128.6157552193474,NA,5000,NA,15.116026127843122
Stercorarius_chilensis,(Intercept),39.44735998911417,NA,5000,NA,9.296899460308177
Stercorarius_chilensis,Sup_impermeables,-6.016763995308728,NA,5000,NA,9.296899460308177
Sturnella_loyca,(Intercept),41.93279891459358,NA,5000,NA,22.559797312528598
Sturnella_loyca,Bosque_Nativo,-24.931051744565305,NA,5000,NA,22.559797312528598
Sturnella_loyca,Matorrales,2.4734224123748385,NA,5000,NA,22.559797312528598
Sturnella_loyca,Grava,-121.9240057299339,NA,5000,NA,22.559797312528598
Sula_variegata,(Intercept),-52.72944259649192,NA,5000,NA,59.69853463506261
Sula_variegata,Pastizales,-13.031845667437503,NA,5000,NA,59.69853463506261
Sula_variegata,Matorrales,-0.8994585866826866,NA,5000,NA,59.69853463506261
Sula_variegata,Humedales,-274.3450823118413,NA,5000,NA,59.69853463506261
Sula_variegata,Grava,211.09093190581999,NA,5000,NA,59.69853463506261
Tachycineta_meyeni,(Intercept),2.368369843075785,NA,5000,NA,70.8044982338641
Tachycineta_meyeni,Suelo_arenoso,-2.986073171113734,NA,5000,NA,70.8044982338641
Troglodytes_aedon,(Intercept),-3.1212120601945617,NA,5000,NA,77.43956107033794
Troglodytes_aedon,Pastizales,0.5021987790271032,NA,5000,NA,77.43956107033794
Turdus_falcklandii,(Intercept),3.604805892313303,NA,5000,NA,113.84214268904763
Turdus_falcklandii,Oceano,-0.07774063917175073,NA,5000,NA,113.84214268904763
Vanellus_chilensis,(Intercept),-0.3667240352351598,NA,5000,NA,96.18360423239828
Xolmis_pyrope,(Intercept),65.24189684538864,NA,5000,NA,20.354580635324098
Xolmis_pyrope,Pastizales,-9.321153578653727,NA,5000,NA,20.354580635324098
Xolmis_pyrope,Oceano,-0.6705039447222477,NA,5000,NA,20.354580635324098
Zenaida_auriculata,(Intercept),-5.288624501582397,NA,5000,NA,76.2868942624569
Zenaida_auriculata,Rocas,31.366136040713922,NA,5000,NA,76.2868942624569
Zonotrichia_capensis,(Intercept),2.8433767893083575,NA,5000,NA,83.30018781468189
